Item,Open,Close,Volume
0,0.24128790151469737,0.19311478540831217,0.31325356950915983
1,0.19363794542291046,0.19490327685465658,0.10673058942930838
2,0.19734696215166636,0.22395978281629425,0.1334260361234245
3,0.2252014050628084,0.2235136831191511,0.05754499685560678
4,0.22341371354391093,0.23245341191236335,0.04471910315389348
5,0.23374441602077134,0.23951733922676155,0.03736776642401314
6,0.24039337395070248,0.22440724673269585,0.08718962977199658
7,0.22430824110790581,0.20724127581785012,0.0653973557528433
8,0.20732858070111426,0.22708930179258502,0.06784223441649946
9,0.22877678810060154,0.2235136831191511,0.05440772198362068
10,0.22430824110790581,0.23513546697225252,0.039079455271177566
11,0.2341384990482016,0.2548047802242781,0.04450117220022379
12,0.25558534283859835,0.25569970805707953,0.153211757429707
13,0.25558534283859835,0.2583817631169687,0.042139249665916784
14,0.2591607258763915,0.2753690213091051,0.0644314507220058
15,0.2770335502380856,0.2914613516684401,0.037332174685348496
16,0.2922255191259815,0.2981664893181648,0.05370519581890157
17,0.2989276578104807,0.304881176502688,0.0993502317432861
18,0.3058807005678066,0.3093421734741213,0.0428053627441559
19,0.3100983434876756,0.3084486098605783,0.049167522921764156
20,0.3100983434876756,0.3093421734741213,0.05043650529646139
21,0.31022379552408985,0.2981664893181648,0.043139103739788257
22,0.2984817576375747,0.2834151864887726,0.053037713827636876
23,0.28373568892258483,0.2932498431147863,0.03303871587197159
24,0.29401321064487895,0.2896728602220957,0.06704169407915
25,0.28954466365218146,0.29056778805489714,0.025087521454289396
26,0.2913323551710789,0.29265095086082304,0.02534487710309531
27,0.2935659468628806,0.2660432184660735,0.09697489386132857
28,0.26720329229778983,0.28073313142888345,0.05415474685649657
29,0.2821279938037602,0.27715614853619286,0.03476847437107344
30,0.2779267141929882,0.26106381817685786,0.03305158365441188
31,0.2627347453050941,0.2646394368502918,0.049901807868676346
32,0.26541560077889415,0.26598046438023637,0.03189019784352394
33,0.26765055607978816,0.26285230962320405,0.0577960555044951
34,0.26452243682399157,0.2682164197429824,0.028933071925701975
35,0.2694368839895933,0.2650869007666916,0.017309905208248634
36,0.26720329229778983,0.26955744727292696,0.042941706481502015
37,0.26988414777158987,0.2762625849226499,0.024322299072999477
38,0.2770335502380856,0.2753690213091051,0.020376817950720775
39,0.2770335502380856,0.2700035469700701,0.05549737675196911
40,0.2716718392904873,0.2700035469700701,0.022152024362271334
41,0.27077731172649244,0.28073313142888345,0.014635322938902948
42,0.28060756966678824,0.2894941474993864,0.033700995993739144
43,0.29043782760708403,0.2896728602220957,0.021995146929541774
44,0.2922255191259815,0.3026370358243984,0.038215397369441975
45,0.304289368758079,0.3093421734741213,0.040083142301520616
46,0.3096524433147696,0.3111306649204675,0.03606620391930751
47,0.31245738721589156,0.3187307304029918,0.04078375198800395
48,0.3199286014279714,0.3263294316662577,0.05174053184461304
49,0.3279629861948212,0.3392936072685604,0.04081578455280213
50,0.339589117308563,0.32183296499413494,0.03490974619531159
51,0.32260945690177145,0.33105917983138333,0.021222258635308706
52,0.33243971484206725,0.3227538129928256,0.028001115937898443
53,0.32350398446576456,0.3281179231126039,0.03181655032274863
54,0.32797116784936975,0.3325884696188375,0.030739489554235378
55,0.33333424240606035,0.3263294316662577,0.026514202609531527
56,0.3270780038944672,0.31202422853401046,0.03996568956392728
57,0.31367372652546877,0.3196242940165348,0.028241223282582256
58,0.3199286014279714,0.3200717579329364,0.023655638429550128
59,0.3199286014279714,0.319176830100135,0.02883834314433299
60,0.3208231289919663,0.34342446317972275,0.06253879157286191
61,0.34450492808325706,0.3290114867261469,0.035209264365304846
62,0.32886569541336463,0.3182832664865902,0.018836790796962
63,0.31903543747306884,0.31247169245041206,0.015825729705932844
64,0.31367372652546877,0.3097896373905229,0.021385433067955855
65,0.3109928710516705,0.3147062835938996,0.0323129181858179
66,0.3163545819992688,0.3102371013069227,0.05180487075681452
67,0.3109928710516705,0.31247169245041206,0.06378532377393989
68,0.31367372652546877,0.3182832664865902,0.03750301503093881
69,0.3195181550914441,0.3115781288368673,0.027652043116379785
70,0.31277101730692713,0.3097896373905229,0.06904194979210318
71,0.3109928710516705,0.29414340672833106,0.05871815531851457
72,0.29490637459978153,0.29906141715096624,0.07585092318125532
73,0.2998221853744738,0.3030844997408,0.14435215232826096
74,0.30384346858517475,0.3111306649204675,0.064018860336101
75,0.3109928710516705,0.3048716269678877,0.0915739844102709
76,0.3047366325400773,0.26016889034405644,0.2030522379948381
77,0.26094705378619665,0.2664279282966362,0.5061079530287612
78,0.26452243682399157,0.3272229952798025,0.2709341708890789
79,0.33020612315026376,0.2896728602220957,0.1104042044247102
80,0.29043782760708403,0.27804152683419403,0.09473015028200978
81,0.2788212417569831,0.2767100488390497,0.07753057946362155
82,0.2779267141929882,0.2834151864887726,0.054342287940998754
83,0.28507611665948573,0.2717920384164145,0.03721253168691427
84,0.2725650032453899,0.26016889034405644,0.06910793139993533
85,0.2605011536132924,0.2950383345611307,0.06010760203946139
86,0.29580090216377464,0.2843087501023174,0.05226646822903448
87,0.28418295270458316,0.28340563695397236,0.03508852623645016
88,0.28507611665948573,0.2664279282966362,0.05602413448420589
89,0.2680964562526924,0.2717920384164145,0.03984002334818057
90,0.27243955120897567,0.2762625849226499,0.02703165173319447
91,0.27524585871918994,0.2816266950424282,0.04869168875407834
92,0.2823952611856857,0.2977203896210199,0.06972229956580817
93,0.2975872300735798,0.3012960082944538,0.05015122382193399
94,0.30204623180263646,0.28073313142888345,0.02704753112429101
95,0.28060756966678824,0.27894463998253904,0.057994547893201784
96,0.28060756966678824,0.279838203596082,0.04999735799786066
97,0.2815020972307831,0.2757796513055588,0.03501925923735666
98,0.27614038628318305,0.30576655480068915,0.08076340446479197
99,0.30607706027697645,0.3200717579329364,0.07337373817019587
100,0.3208763097465326,0.2932498431147863,0.030147845344586897
101,0.29714132990067554,0.3093421734741213,0.025293679755939238
102,0.3100983434876756,0.3281179231126039,0.05310369543546903
103,0.3293129591953612,0.3153679299337,0.05100761581072642
104,0.3154600544352757,0.3245409402199133,0.046155092917709445
105,0.32617529467592554,0.31381271998035665,0.025299429190646604
106,0.3145668904803731,0.31560121142670106,0.0672297827288624
107,0.3163545819992688,0.29885542004311105,0.05312587182648315
108,0.2998221853744738,0.3004024446809108,0.05468287350175892
109,0.3017162384025056,0.2771656980709949,0.06942004356976378
110,0.27837397797498653,0.28699080516220654,0.021163669157814594
111,0.2868638081783814,0.29056778805489714,0.014972896891006872
112,0.2913323551710789,0.29056778805489714,0.07450555545973164
113,0.2902591948161035,0.2928023791983865,0.036016101702571884
114,0.29401321064487895,0.28877929660855095,0.03460749019926719
115,0.28954466365218146,0.30755504624703356,0.049499621221765835
116,0.3074174880138756,0.2977203896210199,0.029452711310205822
117,0.2989276578104807,0.3030844997408,0.02686601325710131
118,0.30294894102117986,0.29414340672833106,0.026078888267402376
119,0.2953536383817781,0.2883318326921511,0.019092777532742345
120,0.2886514996972789,0.31336525606395504,0.18020672229381637
121,0.3141196266983748,0.31737060380344495,0.09254262726715953
122,0.3176950097361697,0.29906141715096624,0.061092398070051665
123,0.2998221853744738,0.2896728602220957,0.08898400096590503
124,0.29043782760708403,0.30576655480068915,0.036675370215683206
125,0.306524324058973,0.30889607377697814,0.02162773067348057
126,0.3100983434876756,0.3129191563668119,0.03492617315161835
127,0.3132264627434722,0.3111306649204675,0.02935524470278571
128,0.3118860350065731,0.3129191563668119,0.020678800164160054
129,0.31367372652546877,0.30710758233063373,0.037789391635886654
130,0.30831201557787047,0.3035851682082349,0.0572991400762156
131,0.3047366325400773,0.29861395323456463,0.038861524317507876
132,0.2989276578104807,0.3160473111238442,0.05504782571437411
133,0.3172477459541714,0.34018717088210515,0.058271615889575815
134,0.34092954504546213,0.333132793102509,0.06731848829291892
135,0.3339860475517771,0.3428692259419943,0.059110485791641035
136,0.34361040051926217,0.3611975116640753,0.10348024234141075
137,0.36193048866295463,0.3696911407601444,0.0762613233063192
138,0.37086758264834785,0.3459987449182833,0.08863410679657104
139,0.3462912559930622,0.3629860031104215,0.052838947656325075
140,0.36416544396384865,0.35613762243867875,0.03805140158897949
141,0.35656877771535456,0.33884614335216057,0.028748542449856033
142,0.339589117308563,0.3361640882922714,0.047877185503868144
143,0.33690826183476297,0.3267141414968222,0.0519234186248283
144,0.32797116784936975,0.3357166243758698,0.04509801827936942
145,0.3360150978798604,0.33035251425609147,0.04001168504158621
146,0.3319938146691612,0.319176830100135,0.055841795269200856
147,0.3199286014279714,0.3012960082944538,0.05688299051644434
148,0.30160851328428073,0.29906141715096624,0.05340896304016966
149,0.29937492159247725,0.3120160432184669,0.08358856716694962
150,0.3132264627434722,0.3111306649204675,0.05392531703341216
151,0.31233329878856964,0.32498840413631314,0.05492133815081206
152,0.3261848399395646,0.35225778287086307,0.08074068050856761
153,0.3525474945046554,0.34152819841204973,0.07854549158077422
154,0.34226997278236304,0.339741071184962,0.1807367654173145
155,0.3404836448725579,0.340634634798505,0.3763642929441021
156,0.3744416020770487,0.3379525797386158,0.26155191479447276
157,0.33780142578966554,0.31202422853401046,0.10828348436550744
158,0.3118860350065731,0.2995075168481094,0.11586671496191822
159,0.3020557770662773,0.33527052467872664,0.1255312409223955
160,0.33690826183476297,0.3491282638945741,0.054683147284364034
161,0.3494193752488588,0.3638795667239645,0.0661190466999203
162,0.36461134413675467,0.3325884696188375,0.07339345051776397
163,0.3342274063609647,0.3012960082944538,0.05380430512195236
164,0.30294894102117986,0.31202422853401046,0.05228316896794635
165,0.31367372652546877,0.3093421734741213,0.047494437421920624
166,0.3100983434876756,0.3258819677498579,0.062536601312021
167,0.3261848399395646,0.3182832664865902,0.022030191102996196
168,0.3208231289919663,0.31202422853401046,0.0376779621156058
169,0.3131732819889059,0.33214100570243765,0.03211962766660835
170,0.33154655088716467,0.35225778287086307,0.03729466646844806
171,0.35120706676775626,0.3392936072685604,0.03528674484255173
172,0.339589117308563,0.3476439933426114,0.02336159591165912
173,0.3485262112939562,0.3540449100979526,0.027250130252074383
174,0.355675613760452,0.36790264931379824,0.018195318153183013
175,0.3681867271745478,0.3826553163624471,0.07009519147397163
176,0.3833786960624419,0.37639627840986734,0.03391262994749124
177,0.3771224575508487,0.3670268205505991,0.027268473686616935
178,0.3690798911294504,0.373268123652835,0.021293168330032888
179,0.3744416020770487,0.3576218929906432,0.013159908479950765
180,0.358356469234252,0.36209243949687675,0.014583851809141766
181,0.3637181801818503,0.3706474584595245,0.021100425376033568
182,0.3717607466032504,0.3678221603776173,0.021882074713630243
183,0.3681867271745478,0.37818476985621174,0.0265330936092843
184,0.3780169851148436,0.40142970178167126,0.04352130425652555
185,0.4021446843790404,0.3889129900957684,0.020201870866053778
186,0.38963357096494455,0.3692436768437428,0.047572739246982854
187,0.3690798911294504,0.3693514501650714,0.02344427825840314
188,0.36997305508435296,0.35851545660418616,0.042957038307388326
189,0.35880236940715804,0.3442102534719389,0.030042165259013407
190,0.34450492808325706,0.34197566232844956,0.018032417503140972
191,0.34226997278236304,0.3343755968459252,0.031102799071219895
192,0.3351205703158673,0.3410820987149066,0.018274715108665688
193,0.3414654434184037,0.3141169408747384,0.017497720075355924
194,0.3154600544352757,0.32185888516002414,0.014901439631072464
195,0.32260945690177145,0.3343755968459252,0.00874899692898052
196,0.3360150978798604,0.34197566232844956,0.016535100435779774
197,0.34316450034635615,0.3392936072685604,0.025407573319666105
198,0.34003638109055956,0.2896728602220957,0.10177074375508723
199,0.2913323551710789,0.28075905159477266,0.07355114929830887
200,0.2823952611856857,0.30710758233063373,0.058262307281001985
201,0.30831201557787047,0.2834151864887726,0.025923379747698382
202,0.28507611665948573,0.2977203896210199,0.03728973838155604
203,0.2984817576375747,0.2914613516684401,0.03444787494048651
204,0.29311868308088407,0.2910138877520403,0.03004709334590543
205,0.2913323551710789,0.26910998335652536,0.03217876470931269
206,0.26988414777158987,0.2646394368502918,0.04696631077665829
207,0.2649697006059881,0.2664279282966362,0.01624543843957057
208,0.2654074191243456,0.25078169763444436,0.0323129181858179
209,0.25201132340989574,0.25257018908079054,0.03352413243083635
210,0.2525199496010089,0.2306662846852756,0.24354879203007884
211,0.2305631160104067,0.24094704100843245,0.04963103687221991
212,0.24128790151469737,0.23960601347848787,0.024504364505399407
213,0.24039337395070248,0.2306662846852756,0.04125137267753638
214,0.23145764357440157,0.25122916155084596,0.02843259732355601
215,0.2493304679360957,0.25257018908079054,0.025436046710597824
216,0.25201132340989574,0.24452402390112304,0.017994909286240538
217,0.24441465716140165,0.2449701235982662,0.023115465349662825
218,0.24664961246229566,0.21904313661291752,0.0329264650038754
219,0.21983969411520832,0.2315598482988186,0.019363274746593665
220,0.23145764357440157,0.21412512619028234,0.017296763643203227
221,0.21447798316761002,0.21291915636681225,0.07343041116945419
222,0.21358345560361514,0.2016084145043795,0.0762588592628732
223,0.20151960597151763,0.1983820359608206,0.05527780310266875
224,0.19852648401577433,0.2016084145043795,0.06436382641854296
225,0.20286003370841676,0.2235136831191511,0.16668186160125043
226,0.22388824950773767,0.211890535046793,0.039269460399125766
227,0.21179712769380998,0.2101020436004486,0.030404927210787695
228,0.21160894963918864,0.21161359853755712,0.03646702165319246
229,0.21179712769380998,0.2038443698671255,0.038773640101266715
230,0.20464772522731423,0.19848025974734718,0.0633316659972682
231,0.19928601427971415,0.19848025974734718,0.07547173427317426
232,0.19928601427971415,0.1917737578783676,0.14635760991071128
233,0.1921366118132184,0.19937382336089193,0.3228200812970068
234,0.18722080103852434,0.1586941693268944,0.34031123058984
235,0.15907045495453787,0.16852882595290808,0.11153821197508688
236,0.16890071289483366,0.21457259010668217,0.1304642559013156
237,0.2153711471225126,0.21546615372022693,0.09759008337501673
238,0.21715883864140828,0.24541758751466602,0.07430240876673805
239,0.2462023486802991,0.2480996425745552,0.0872244001628459
240,0.2484359403721026,0.21725464516657134,0.09797118876133358
241,0.21805200259631263,0.20652642492701467,0.08060789594508797
242,0.2055408891822168,0.23379443944230793,0.07836479506139986
243,0.23503166300310419,0.2449701235982662,0.06253687509462612
244,0.24486192094339998,0.21099697143325002,0.06319367956429141
245,0.21358345560361514,0.18953916673487825,0.07223480253292715
246,0.19034892029432093,0.16808136203650648,0.05105744424485692
247,0.16890071289483366,0.1609301246896404,0.09108418732972433
248,0.16085814647343355,0.1555646503506054,0.06013224247392153
249,0.1572841270447327,0.16003519685683898,0.05278966678740479
250,0.15996498251853097,0.1653993069766173,0.039296017311821696
251,0.1671143849850285,0.1869457859267154,0.04063892098989934
252,0.18856122877542525,0.2038443698671255,0.07603161970062967
253,0.20375319766331934,0.24944067010449977,0.08089783172390229
254,0.2502236318909983,0.27715614853619286,0.07490473049798592
255,0.27971440571188566,0.2750102316444316,0.055083965018248984
256,0.27614038628318305,0.26732149191018095,0.03387731199143171
257,0.26810600151633324,0.2780510763689943,0.03165118562926057
258,0.27916078042075476,0.2682164197429824,0.044979470411355624
259,0.2689909838166873,0.2802856675124836,0.02969555648094076
260,0.28105483344878657,0.2923549152819849,0.04888908601236458
261,0.29392321244484165,0.2968254617882202,0.0447410057623025
262,0.29714132990067554,0.3129191563668119,0.031837357800737195
263,0.3141196266983748,0.31595863687211967,0.032728246397773816
264,0.3170868400813802,0.3302542904695649,0.06011855334366589
265,0.33109928710516634,0.34344219803006837,0.05318473508658238
266,0.3440576643012587,0.33079997817249307,0.03760896889911741
267,0.33154655088716467,0.340634634798505,0.037456198205464544
268,0.3417613465912499,0.3343755968459252,0.02887037570913117
269,0.33556783409786384,0.33169354178603605,0.0275356855092069
270,0.33304788449685496,0.3629860031104215,0.06333276112768865
271,0.36461134413675467,0.36030394805053234,0.06369880847072429
272,0.36103732470805205,0.36343346702682133,0.06377355112192006
273,0.3637181801818503,0.35672696515784175,0.03008597047583143
274,0.35656877771535456,0.3746091511827796,0.035813502574788506
275,0.37533612964104357,0.3674565496166551,0.03652287330463544
276,0.3690798911294504,0.371925731903632,0.019347942920707354
277,0.372653910558153,0.35002182750811883,0.05312149130480136
278,0.35210023072265884,0.355833401544297,0.02118995228790541
279,0.35656877771535456,0.36343346702682133,0.02436035485511014
280,0.36461134413675467,0.37639627840986734,0.030400546689105894
281,0.3771224575508487,0.37997326130255793,0.03354932043050672
282,0.3833786960624419,0.39472456413194834,0.04228271175099582
283,0.39499528191254285,0.39427710021554674,0.03409086242341959
284,0.39499528191254285,0.4023246296144727,0.03458394489522751
285,0.4034851121159395,0.40634771220430643,0.02866394362487622
286,0.4066132313717361,0.39293607268560216,0.02617553352700715
287,0.3932089540027377,0.3839963438923917,0.03325007604311857
288,0.3847191237993428,0.3857848353387361,0.008646876017273493
289,0.3878472430551394,0.39785408310823733,0.01691730095251706
290,0.39946382890524035,0.39472456413194834,0.03187952032192454
291,0.39499528191254285,0.40052658863332624,0.016861175518468965
292,0.40035835646923523,0.3960655916618929,0.009740637524698614
293,0.39723023721343687,0.39785408310823733,0.014218899596526575
294,0.39946382890524035,0.3844438078087915,0.009095879489658273
295,0.38605955153624194,0.39561949196474977,0.020389959515766182
296,0.3967829734314403,0.39785408310823733,0.0361395776574777
297,0.3976775009954352,0.3915950451556576,0.017055561168098962
298,0.3923144264387446,0.40500668467436185,0.018160000197123476
299,0.4050491717438387,0.3987476467217821,0.013602341169812841
300,0.39946382890524035,0.3991951106381819,0.017146183210391255
301,0.40035835646923523,0.40813620365065084,0.01801982350330579
302,0.40929408684553614,0.4041117568415604,0.025894358791556434
303,0.40482553985283865,0.4157349049139185,0.054055911336050894
304,0.4155503253571293,0.40634771220430643,0.04458494967738827
305,0.4066132313717361,0.4139464134675741,0.04975807200099219
306,0.41376263383823186,0.4009836020845281,0.06321585595530554
307,0.40169878420613436,0.405452784371505,0.061797662060821906
308,0.40616596758973955,0.4126053859376295,0.06185515640789556
309,0.4128694698833293,0.4264631251534752,0.1109098808963533
310,0.42716691120723027,0.4005361381681265,0.18469538810463862
311,0.4021446843790404,0.4094772311805954,0.254845883664843
312,0.33690826183476297,0.35225778287086307,0.24795395414634175
313,0.3538879222415545,0.32185888516002414,0.08638114973909887
314,0.32150220631950965,0.30218957190799856,0.11575884461550381
315,0.3020557770662773,0.3093421734741213,0.08623303334973291
316,0.3100983434876756,0.3004024446809108,0.0755653679241228
317,0.30204623180263646,0.32543586805271474,0.06751807581204605
318,0.3270780038944672,0.33527052467872664,0.06785537598154487
319,0.33690826183476297,0.3276704591962023,0.07838806658283444
320,0.3284184316313681,0.33348203323238224,0.08553981579358763
321,0.33462012577930267,0.3343755968459252,0.06858172123290877
322,0.33556783409786384,0.3361640882922714,0.042917066047041874
323,0.33690826183476297,0.35181031895446324,0.035195027669838994
324,0.35210023072265884,0.3594090202177309,0.04814220706561721
325,0.3592496331891546,0.35851545660418616,0.0335619144303419
326,0.35746194167025713,0.35046929142451866,0.03869479071099427
327,0.35120706676775626,0.36030394805053234,0.04123193411257339
328,0.36103732470805205,0.37371422334997817,0.04925239552934908
329,0.3757820298139496,0.3692436768437428,0.046965489428842946
330,0.36997305508435296,0.3647744945567659,0.039217715486759466
331,0.36639903565565035,0.3799814466181015,0.034413652114847426
332,0.38069784058864364,0.38307549589370105,0.023143938740594543
333,0.3833786960624419,0.37818476985621174,0.03207637001500055
334,0.37802516676939213,0.38980791792856984,0.019726310480973067
335,0.38963357096494455,0.38980791792856984,0.022048808320143855
336,0.38963357096494455,0.37997326130255793,0.025641657447037444
337,0.3815910045435462,0.3674565496166551,0.02076805329342678
338,0.368177181910907,0.3755027147963226,0.03422967020421171
339,0.3771224575508487,0.38980791792856984,0.06814613310817452
340,0.38963357096494455,0.37908788300455676,0.01563052270848751
341,0.3802505768066453,0.37997326130255793,0.04776712489661285
342,0.38069784058864364,0.38713404818422426,0.014214519074844775
343,0.3884185952644579,0.3755027147963226,0.019668542351294293
344,0.3766765573779427,0.371925731903632,0.022674949138036537
345,0.3717607466032504,0.3656680581703107,0.007820052549833225
346,0.36639903565565035,0.3808668249161009,0.012180314318857625
347,0.38069784058864364,0.3728206597364334,0.008759948233185027
348,0.37622929359594615,0.37807699653488314,0.0350332221502174
349,0.3789374212515746,0.37863223377261335,0.009035099751323262
350,0.38069784058864364,0.3746173364983232,0.010141729041188676
351,0.3744416020770487,0.371925731903632,0.02758058585644538
352,0.3744416020770487,0.37729120624266876,0.013436702693719674
353,0.3771224575508487,0.3737237728847784,0.01924691713942078
354,0.37533612964104357,0.3643979700417468,0.02927365748646214
355,0.3650586079187512,0.3625385391940199,0.016584655087305167
356,0.36370863491821126,0.36835011323019984,0.018182176588137602
357,0.3690798911294504,0.3746091511827796,0.01927347405211671
358,0.3766765573779427,0.37505525087992275,0.041593053368717006
359,0.3757820298139496,0.36790264931379824,0.008981985925931402
360,0.3690798911294504,0.36522059425390907,0.01878340318896503
361,0.3655058717007478,0.37863223377261335,0.009720925177130503
362,0.37980331302464876,0.38533737142233626,0.015177960062236262
363,0.3869527154911445,0.38848462524897087,0.02354503025708461
364,0.388740407010042,0.37997326130255793,0.008637567408699663
365,0.3802505768066453,0.37639627840986734,0.009836461436488048
366,0.3771224575508487,0.3790783334697565,0.006230744527154171
367,0.37980331302464876,0.38176038852964567,0.007863857766651255
368,0.3824841684984488,0.3836471037625184,0.007320399295502603
369,0.3838245962353479,0.3826553163624471,0.011371560503354798
370,0.38293143228044535,0.3996425745545835,0.02506014319377813
371,0.40098288943312,0.40500668467436185,0.012130212102122007
372,0.40572006741683353,0.39071103107691485,0.024948713673497273
373,0.3923144264387446,0.39812283430192963,0.03074387007591718
374,0.39946382890524035,0.40321819322801566,0.030429567645247835
375,0.4034851121159395,0.39561949196474977,0.01565434179513231
376,0.39588980947653774,0.39781861340754787,0.018512358409903482
377,0.3976775009954352,0.39517202804834817,0.018278821847742377
378,0.39588980947653774,0.3960751411966932,0.031195337591747977
379,0.3967829734314403,0.3989263594444914,0.01560697740444782
380,0.39946382890524035,0.4072412758178494,0.030345790168083354
381,0.407507758935731,0.4023246296144727,0.03131087385110552
382,0.4034851121159395,0.39651305557829275,0.03273481718029653
383,0.39723023721343687,0.3880194264822254,0.041684222976219515
384,0.3882931432280454,0.38310141605959025,0.053425663779081534
385,0.3833786960624419,0.3795257973861563,0.029667904437824386
386,0.38069784058864364,0.3795257973861563,0.0651572484081595
387,0.38069784058864364,0.37505525087992275,0.05873677253566224
388,0.37622929359594615,0.3629860031104215,0.15048898942186148
389,0.36327091639985376,0.3638795667239645,0.31759740432187744
390,0.5576411199048756,0.5891817412894618,0.6329029744563568
391,0.5889195852446587,0.5780060571335035,0.20183417918469185
392,0.5790893273043629,0.5836211835966285,0.1011413175459332
393,0.5853442022068656,0.5641483179176561,0.16192844801128423
394,0.5621096668975714,0.5784535210499033,0.17694624524952957
395,0.5781947997403698,0.6151087282748087,0.14130111897688535
396,0.6148349760277529,0.6589179012850952,0.1861792898243493
397,0.659964982518531,0.6383550244195249,0.12491194466963065
398,0.6394099390739463,0.6280729038771113,0.07466215910985609
399,0.6286865171787479,0.6267318763471668,0.10301125273885274
400,0.627346089441847,0.6061689994815982,0.06410345916108082
401,0.6067924096063528,0.6294139314070559,0.04973972856644965
402,0.6309214724796419,0.6410275299446138,0.041458078544396454
403,0.6411976305928437,0.6061689994815982,0.054132844248087564
404,0.6067924096063528,0.5926686857111676,0.06147213454334294
405,0.5929408684553579,0.6079574909279426,0.054173637856249346
406,0.608356469234252,0.5985689339990738,0.04782051250460982
407,0.5987498431849545,0.5641483179176561,0.06441036946141213
408,0.5647905223713714,0.5569957163515333,0.06284159513411651
409,0.5571938561228773,0.5628877793238942,0.0425956452686396
410,0.5638973584164688,0.5788996207470465,0.05720933938173865
411,0.5790893273043629,0.5498431147854088,0.09011718716846638
412,0.5504917174383781,0.5373264030995077,0.060997943071287794
413,0.5370874400693815,0.5382199667130507,0.10057458755334997
414,0.5393210317611832,0.5462674961119767,0.09516053653724689
415,0.5469176980096755,0.5561021527379886,0.03706523664536364
416,0.5571938561228773,0.5690649641210346,0.044423144157766686
417,0.5701522333189697,0.5614662628577669,0.043982354163535284
418,0.5616624031155748,0.5444790046656305,0.01994780060850922
419,0.5446827427087815,0.5444790046656305,0.03285446017873077
420,0.5460231704456824,0.5561021527379886,0.051621983976599256
421,0.5567384106863322,0.5435854410520875,0.06478408271739092
422,0.5442368425358772,0.5373264030995077,0.03268909548524271
423,0.5370874400693815,0.5391148945458522,0.017668560420946233
424,0.5397682955431797,0.5391148945458522,0.017135505688791863
425,0.5397682955431797,0.5386674306294523,0.02803889793740399
426,0.5397682955431797,0.5614662628577669,0.06189348597261134
427,0.5621096668975714,0.5735355106272682,0.1619339236633865
428,0.5737262527476723,0.5695124280374344,0.02638853639378481
429,0.5710453972738723,0.5793470846634481,0.023411698128394737
430,0.5795352274772689,0.5820209544077937,0.0223176628383645
431,0.5819747241418813,0.5954394150227831,0.02348945238824673
432,0.5978553156209596,0.6030394805053074,0.030079399693308726
433,0.6033247516867846,0.5954394150227831,0.028162647674914918
434,0.596962151666057,0.6008048893618199,0.021783239193184565
435,0.6014306986587545,0.604380508035252,0.013692689429500023
436,0.6045574543054588,0.603486944421709,0.019655400786248885
437,0.6045574543054588,0.6133216010477209,0.02954169065686744
438,0.6139418120728504,0.6151182778096107,0.042188530534837065
439,0.6157281399826555,0.619579274781044,0.025189094800786193
440,0.6193035230204487,0.6008048893618199,0.029929914390917207
441,0.6007598029857579,0.6142151646612657,0.04137183702378597
442,0.6157281399826555,0.5976753703855291,0.031137021896858973
443,0.5987498431849545,0.5838176311696817,0.05081405150891176
444,0.584451038251963,0.5721944830973236,0.035262925755906935
445,0.5733689871657113,0.5669818013151087,0.04464545563311817
446,0.568364541800074,0.5650418815312008,0.09413604202891528
447,0.5661309501082705,0.5735355106272682,0.02586807566146562
448,0.5741735165296689,0.5762175656871573,0.029010826185553975
449,0.5772920905218264,0.586052222313171,0.025499016709773743
450,0.5863273643618037,0.5918637963493509,0.03985343869583109
451,0.5929408684553579,0.5963343428555845,0.029836828305178902
452,0.5960676241020639,0.6008048893618199,0.03301325408969612
453,0.6014306986587545,0.5923112602657508,0.0334775893879672
454,0.5933867686282639,0.6061689994815982,0.05606328539673701
455,0.6067924096063528,0.6066150991787413,0.23389932411288278
456,0.6067924096063528,0.6016984529753628,0.04554127231704683
457,0.6032170265685597,0.5914163324329493,0.05282717500430523
458,0.5920463408913648,0.5909606832010041,0.06014511025636182
459,0.5907154584181047,0.5999099615290184,0.0761293600906549
460,0.6005279894402111,0.5775585932171019,0.07177950206062478
461,0.5777488995674638,0.5887342773730602,0.08039078633923362
462,0.5898127491995613,0.5730880467108683,0.08703631151313349
463,0.5728330887927697,0.5695124280374344,0.09128432241406169
464,0.5692590693640671,0.5552072249051871,0.12711534707557742
465,0.5564697796953162,0.5449264685820321,0.14031741807671552
466,0.5451300064907798,0.49262366647567646,0.34544109526183614
467,0.4941910252704034,0.5015647594881454,0.6839133280931343
468,0.6130472845088555,0.5569957163515333,0.42781352009687523
469,0.5576411199048756,0.515868598401136,0.1125429941358504
470,0.5147460687149898,0.5176570898474804,0.07808334654334403
471,0.5183200881436925,0.551631606231755,0.08565672096597074
472,0.5527266727392721,0.5498431147854088,0.07869908362224243
473,0.5495985534834755,0.5373264030995077,0.055022363932098625
474,0.5370874400693815,0.5337507844260738,0.05975332734844559
475,0.5344065845955814,0.5265981828599493,0.05931144222379374
476,0.5263626545650908,0.5167635262339374,0.04227066531637086
477,0.5178646427071456,0.5373264030995077,0.05469464615377877
478,0.537980604024284,0.5510231644429897,0.08274586430841283
479,0.5513848813932807,0.5409033859921983,0.0461975292215019
480,0.5415559870620772,0.5198930452102264,0.06740911033521121
481,0.5210009436174907,0.5105044882813576,0.06937021513563327
482,0.5116179494591933,0.5368789391831061,0.07730114964053714
483,0.537980604024284,0.548975471337755,0.07793057584969117
484,0.5495985534834755,0.5499768082726266,0.07363958107976026
485,0.5504917174383781,0.5451938555564659,0.030809577901144223
486,0.5460231704456824,0.5319622929797294,0.04395114294655243
487,0.532618893076684,0.5435854410520875,0.04226190427300726
488,0.5451300064907798,0.5444790046656305,0.03942332622319908
489,0.5460231704456824,0.5686188644238914,0.04761982985506223
490,0.5692317971822387,0.5784535210499033,0.050105775909485284
491,0.5795352274772689,0.5730880467108683,0.06803963167478569
492,0.5732803525747663,0.5824766036397371,0.04719710951276826
493,0.581770182778163,0.5686188644238914,0.03722457812153922
494,0.5692590693640671,0.5489495511718658,0.035558884752033726
495,0.5504917174383781,0.5574431802679332,0.05231629666316499
496,0.5580883836868722,0.5292802379198385,0.047231879903617574
497,0.5299380376028839,0.5382199667130507,0.015502118666689668
498,0.5397682955431797,0.5324097568961292,0.034205029769751566
499,0.5335120570315866,0.5444790046656305,0.037432379118819734
500,0.5442368425358772,0.5462674961119767,0.017384647859444394
501,0.5478108619645798,0.5426905132192861,0.015728810663722958
502,0.5446827427087815,0.5480641728738647,0.01853398723570739
503,0.5487040259194824,0.5538661973752426,0.02611940809295905
504,0.5549602644310756,0.5471610597255196,0.01819997245746993
505,0.5478108619645798,0.5489495511718658,0.02464919550350401
506,0.5473635981825815,0.5453725682791752,0.03322899478252489
507,0.5460231704456824,0.5578892799650763,0.01645871508895334
508,0.5589815476417748,0.5529726337616996,0.0153170416256335
509,0.554067100476173,0.531970478295273,0.02096326029087212
510,0.532618893076684,0.536432839485963,0.04475715893600414
511,0.5370874400693815,0.5149750347875912,0.029806438436011395
512,0.516532396624795,0.5060339417751223,0.04012174564884151
513,0.5067021386844992,0.5185520176802818,0.03542473127552852
514,0.5192146157076856,0.5426905132192861,0.0240008782945972
515,0.5432359534627498,0.5485020872554642,0.03224857927361642
516,0.549151289701479,0.5647826798723106,0.024333250377203988
517,0.565237786153368,0.5578892799650763,0.08794472219689733
518,0.5585342838597782,0.5632547543041131,0.017538787466122828
519,0.5647905223713714,0.5666693951051816,0.010366230777381066
520,0.5674713778451697,0.5757714659900142,0.042957585872598555
521,0.5768543720034689,0.5771124935199587,0.019029807533566433
522,0.5781947997403698,0.5802406482769911,0.02684575334432297
523,0.581770182778163,0.5806881121933927,0.013709663951017009
524,0.581770182778163,0.5802406482769911,0.013277908782754325
525,0.5808756552141681,0.56772393659109,0.01447981441919895
526,0.568364541800074,0.5717470191809237,0.01977066326300132
527,0.5735121661203149,0.5909702327358062,0.012438491315478875
528,0.5916004407184587,0.5811355761097925,0.018718516711553324
529,0.5808756552141681,0.5856061226160278,0.016110737397855134
530,0.5853442022068656,0.5717470191809237,0.020427467732666623
531,0.5737262527476723,0.5659368093640023,0.010527762514397545
532,0.5674618325815306,0.5739829745436698,0.019619535264979126
533,0.5750680440936637,0.5788996207470465,0.020503853079493057
534,0.5799824912592655,0.5753240020736143,0.019231585313534475
535,0.5759612080485663,0.5650418815312008,0.02772350037631419
536,0.5647905223713714,0.5686188644238914,0.0250724634110082
537,0.568364541800074,0.5721944830973236,0.01527186749578991
538,0.5728330887927697,0.5672778368939468,0.02895442696890076
539,0.568364541800074,0.5833701672532818,0.03497627536835396
540,0.5840037744699647,0.5844874628250256,0.043612200081422955
541,0.5848969384248672,0.5949933153256399,0.06411742207394157
542,0.5951744601471614,0.5945458514092401,0.05516774249541345
543,0.5951744601471614,0.5838176311696817,0.07662737064935485
544,0.5853442022068656,0.5815816758069356,0.14055725163879423
545,0.582216082951069,0.5963343428555845,0.4096261416392405
546,0.6416448943748403,0.588288177675917,0.4038178436717752
547,0.5880250576806656,0.6262844124307669,0.17629272617112562
548,0.6264529254869444,0.6294139314070559,0.10938929230755752
549,0.6291337809607445,0.6258383127336238,0.1866959176001969
550,0.6264529254869444,0.7085386483315599,0.19296499169206685
551,0.7082217446560168,0.7089847480287048,0.13499015614643317
552,0.709562172392916,0.7295394395787298,0.12859870123007788
553,0.7301158522284101,0.7653106327248924,0.14317214930022534
554,0.7663987629338322,0.7733567979045599,0.14516254883939447
555,0.7730381756001243,0.7572644675452249,0.12609112634985092
556,0.7582661983123984,0.7919088155848417,0.11693145551320139
557,0.792672782907978,0.80017871272271,0.14116669171777504
558,0.8033962048031764,0.763522141278548,0.10403218807331789
559,0.7658628645608907,0.7523464571225897,0.10040977042507214
560,0.7533517511467949,0.7447477558593221,0.08779030880761379
561,0.7484359403721026,0.7715683064582155,0.08270069017856924
562,0.7712245755084908,0.7398297454366869,0.08445207750347498
563,0.7408406377327008,0.7304425527270748,0.06523199105935525
564,0.7315558234289856,0.7188194046547167,0.046627641694133914
565,0.7193924303332118,0.7143488581484831,0.059068597053058794
566,0.71447798316761,0.7304425527270748,0.08130357754467928
567,0.7314576435744016,0.7313361163406196,0.052341758445440464
568,0.7332439714842067,0.7174783771247721,0.039099988966561014
569,0.7193924303332118,0.7156898856784277,0.031215323721921203
570,0.7167115748594117,0.7268655698343842,0.037908213286505565
571,0.726094569017711,0.7121770210908309,0.06577928248697548
572,0.7131375554307091,0.7308900166434764,0.030896093204359824
573,0.7319035437473076,0.7246309786908967,0.07127930124108393
574,0.728329524318605,0.7496644020627006,0.058744986013815614
575,0.7502236318909983,0.7559234400152803,0.02950527757038746
576,0.7578202981394924,0.7608400862186571,0.04569951866280196
577,0.761394317568195,0.7670991241712368,0.050046091301570714
578,0.7676505560797882,0.7670991241712368,0.02935414957236526
579,0.7658628645608907,0.763522141278548,0.022566257443806807
580,0.7640751730419932,0.7536874846525343,0.0367487439538534
581,0.7533517511467949,0.7761916455212692,0.026973336038305474
582,0.7770335502380856,0.7702013587623817,0.024932560499795624
583,0.7698841477715899,0.7778273444107953,0.023292602695170726
584,0.7783739779749865,0.7840850181441166,0.03368949712432441
585,0.7850761166594857,0.7898965921802965,0.048112638544265035
586,0.790437827607084,0.7814029630842274,0.02911185196684055
587,0.7819657243218767,0.7867684374232642,0.017479924206023602
588,0.7873110719603797,0.7805093994706844,0.02277487978890266
589,0.7801616694938822,0.7594990586887125,0.02268891205089728
590,0.7596066260492975,0.7527939210389896,0.023165841349003558
591,0.7524572235828018,0.7599465226051141,0.021473591066802137
592,0.7596066260492975,0.7474298109192112,0.019027069707515307
593,0.7479900401991966,0.7688862513983263,0.028389613454553323
594,0.7698841477715899,0.7523191727374439,0.015096099063307576
595,0.7515640596278992,0.7603926223022572,0.09135441076097053
596,0.761394317568195,0.763522141278548,0.018417082063324274
597,0.7640751730419932,0.7624498649422939,0.029101722010451383
598,0.7622874815230976,0.7903440560966963,0.021735053454684735
599,0.790437827607084,0.7814302474693733,0.015956050225966474
600,0.7823952611856857,0.7760388529644491,0.016370283307501947
601,0.7770335502380856,0.7840850181441166,0.028088178806324273
602,0.7837356889225848,0.7851491091648253,0.031656113716152595
603,0.7855233804414823,0.8046492592289436,0.04287818891711588
604,0.8051838963220739,0.7979441215792207,0.036241972351789845
605,0.7980344938555781,0.7825830127418083,0.020561073643961602
606,0.7828425249676823,0.784979945976918,0.025427833232444446
607,0.7855233804414823,0.7983902212763638,0.03214727970972474
608,0.7998221853744738,0.7992851491091653,0.01905116257676522
609,0.8002680855473798,0.7983902212763638,0.026513655044321297
610,0.7998221853744738,0.7751452893509061,0.036693987432830866
611,0.7765862864560891,0.784979945976918,0.02861082979948436
612,0.7846288528774874,0.7733567979045599,0.018356576107594374
613,0.773905430982289,0.7764863168808507,0.022803900745044608
614,0.7770335502380856,0.7831914545305736,0.03839965306268281
615,0.7846288528774874,0.7822978909170288,0.037420606466799886
616,0.7832270627314735,0.7733567979045599,0.04916533266092325
617,0.7747985949371916,0.7791683719407398,0.07012092703885221
618,0.7797144057118857,0.7822978909170288,0.07795822789280754
619,0.7819479974036891,0.7939196747701303,0.07577207379098286
620,0.7944591108177832,0.7858735095904628,0.09976200078137555
621,0.7868638081783814,0.7885555646503519,0.11552996235762963
622,0.7882042359152823,0.7787209080243382,0.16156842388556106
623,0.7792671419298891,0.7992851491091653,0.3002324688100012
624,0.7140307193856117,0.6946795448964558,1.0
625,0.6943702035050201,0.6513178358025709,0.17878579057328162
626,0.6519210524880421,0.6660705028512197,0.1982593997097357
627,0.6666671212030302,0.6794807781506655,0.13248340261402156
628,0.6787309708351295,0.696468036342802,0.10549719879327579
629,0.6970510589788201,0.6732231044173425,0.08009482734310683
630,0.6729219961055328,0.6647294753212751,0.10854303027515426
631,0.6655503253571293,0.6481896810455385,0.1512950054113132
632,0.6492401970142421,0.6177907833346978,0.14112151758793146
633,0.6188562592384521,0.6307549589370005,0.11674747360256568
634,0.6318146364345445,0.6481896810455385,0.08500429701798724
635,0.648794296841336,0.6338844779132913,0.07425668707168423
636,0.633602327953442,0.5891817412894618,0.10910017787655854
637,0.5893654854175647,0.5833701672532818,0.11579580526719402
638,0.584451038251963,0.5695124280374344,0.14328850690739825
639,0.5714926610558706,0.5609383100051843,0.1448435921044382
640,0.5612151393335765,0.5744304384600696,0.1339495084643999
641,0.5755139442665698,0.5595522632397483,0.090050657995424
642,0.5598747115966773,0.5315148290633278,0.12780117250138465
643,0.5317257291217814,0.5243622274972051,0.1315380312785675
644,0.5250222268281917,0.5131865433412468,0.12016811347084339
645,0.5145674359240093,0.5270442825570942,0.11434010315580995
646,0.5281503460839883,0.5382199667130507,0.08800166897876077
647,0.5388737679791866,0.5614662628577669,0.07426052002815581
648,0.5625555670704774,0.5552072249051871,0.06413631307369434
649,0.5558534283859782,0.5346443480396186,0.0673028826844275
650,0.535299748550484,0.5435854410520875,0.053088911174792947
651,0.5438973038721038,0.5489495511718658,0.047149471339478666
652,0.5500444536563815,0.5382199667130507,0.04109504281001705
653,0.5388737679791866,0.551631606231755,0.046599989651017526
654,0.5522794089572756,0.5498431147854088,0.04355689599519019
655,0.5495985534834755,0.551631606231755,0.06567716157526846
656,0.5531725729121781,0.566820823442745,0.06281230039536946
657,0.5670241140631731,0.5489495511718658,0.0773953308566959
658,0.5495985534834755,0.5328558565932724,0.06413083742159209
659,0.5332802434860398,0.5328558565932724,0.03489085519555882
660,0.5335120570315866,0.536432839485963,0.025555689709032065
661,0.5364165443963849,0.5319622929797294,0.024302586725431365
662,0.532618893076684,0.536432839485963,0.023597048952056016
663,0.5370874400693815,0.5382199667130507,0.03998020004199826
664,0.5388737679791866,0.5507366783989536,0.03966890921998514
665,0.5504917174383781,0.5583367438814779,0.023036889741995487
666,0.5594192661601323,0.5650418815312008,0.029581662917213893
667,0.5665782138902671,0.5641483179176561,0.030706909424226967
668,0.5647905223713714,0.5739734250088677,0.021939842843309017
669,0.5754880356938319,0.5672778368939468,0.0311137503754244
670,0.567918641627168,0.570853455567379,0.03219081114393765
671,0.5710549425375131,0.5641483179176561,0.037815127200767254
672,0.5665782138902671,0.5688425963820922,0.03176015110609541
673,0.5694827012550654,0.5730880467108683,0.03241284883668402
674,0.5737262527476723,0.5722040326321256,0.04540876153617229
675,0.5737262527476723,0.5641483179176561,0.02100213742079812
676,0.565237786153368,0.569959891953836,0.02414707820572737
677,0.5701522333189697,0.5695124280374344,0.052953115002657064
678,0.5701522333189697,0.5878407137595154,0.03878951949236324
679,0.5884723214626622,0.5958868789391847,0.042628499181253124
680,0.5962912559930622,0.5976753703855291,0.05215531249135874
681,0.5978553156209596,0.5954394150227831,0.052139706882867315
682,0.5951744601471614,0.5936973070311868,0.031950430016648726
683,0.5951744601471614,0.5990163979154737,0.021162574027394142
684,0.6004475365038164,0.6110856456849749,0.04080373811817717
685,0.6117068567719564,0.6052740716487968,0.05712446677415371
686,0.6059169725696396,0.5739829745436698,0.07631498469692129
687,0.5755139442665698,0.5745286622465979,0.04276320022296856
688,0.5755139442665698,0.5842637308668266,0.03686729182186718
689,0.584451038251963,0.5891817412894618,0.09610755056833162
690,0.5898127491995613,0.5923289951160964,0.04035829381965886
691,0.594727196365163,0.5891817412894618,0.06280627717805698
692,0.5893654854175647,0.5842637308668266,0.03627838543826983
693,0.584451038251963,0.5735355106272682,0.04891509535985028
694,0.5737262527476723,0.5923740143515879,0.21713150846275722
695,0.5924936046733613,0.6061689994815982,0.1129514777826785
696,0.6058978820423597,0.6160036561076101,0.1436876819456525
697,0.6175076498470027,0.6325434503833467,0.13050149033561093
698,0.6318146364345445,0.637434176420836,0.39490813635359356
699,0.6380695113370454,0.6419306430929588,0.1493349957413116
700,0.6416448943748403,0.6312024228534021,0.2580688524922294
701,0.6313673726525479,0.6508717361054277,0.41023476037040596
702,0.5075966662484941,0.6303088592398574,0.7701866074858188
703,0.6309214724796419,0.5945458514092401,0.22522014174820598
704,0.5951744601471614,0.6079574909279426,0.13451623845698316
705,0.6085801011252503,0.6231562576737346,0.10526913788321694
706,0.6246652339680487,0.6419306430929588,0.09325637851868826
707,0.6416448943748403,0.6668753922130382,0.04851044466949375
708,0.6675602851579328,0.6818599765354296,0.07666214104020415
709,0.6827522540458286,0.6647294753212751,0.07661587177994011
710,0.665326693466131,0.6260429456222205,0.07450856706838789
711,0.627346089441847,0.6124266732149195,0.07529459692766637
712,0.6130472845088555,0.6142151646612657,0.06936966757042305
713,0.6139418120728504,0.6294139314070559,0.05277077578765202
714,0.6307782935250383,0.6303088592398574,0.05157571471633521
715,0.6309214724796419,0.6329909142997465,0.045377002753979226
716,0.6331550641714436,0.6508717361054277,0.05104539781023197
717,0.6523683162700387,0.6647294753212751,0.05008962273578363
718,0.6657739572481276,0.6729993724591417,0.04551197757829978
719,0.6733692598875294,0.6848448882704439,0.06215221053444281
720,0.6863276370836218,0.7045142015224695,0.04479877389198127
721,0.7048972656910504,0.7036206379089247,0.04838751627979816
722,0.7042004614453159,0.6826102971269545,0.05026292712481996
723,0.6840926817827278,0.6982565277891464,0.030527308035273055
724,0.698391486715721,0.7045142015224695,0.02554802379608891
725,0.7059881529642134,0.7071962565823586,0.031118404679711314
726,0.7086690084380134,0.7206078961010629,0.0685130017990255
727,0.7211801218521092,0.7161373495948276,0.10320782864932364
728,0.7167115748594117,0.7063026929688156,0.04843050014880085
729,0.7059881529642134,0.6991500914026911,0.03537490284139801
730,0.6997319144526202,0.6960205724264004,0.027977570633858754
731,0.696273801796691,0.7031731739925249,0.02825025810855097
732,0.7037531976633193,0.696468036342802,0.0342165286391663
733,0.6961578950239176,0.7018321464625803,0.028030136894040384
734,0.7033072974904133,0.712569916236939,0.044914857716549045
735,0.7135834556036151,0.7268655698343842,0.06345787977822515
736,0.7274349967546101,0.71390275845134,0.022754893658729434
737,0.7148434304041196,0.7282065973643288,0.02087373337900027
738,0.7292226882735076,0.7273130337507858,0.015989725486395334
739,0.728329524318605,0.7277604976671856,0.020348892124999286
740,0.7296699520555041,0.7255245423044396,0.03078630637970964
741,0.7265418327997075,0.7152437859812846,0.024182122379181794
742,0.7167115748594117,0.7192668685711183,0.02789570963493006
743,0.7202869578972066,0.7188194046547167,0.11522004044864209
744,0.7193924303332118,0.7456413194728668,0.08220651257634086
745,0.7453091847253965,0.7599465226051141,0.05414461690010741
746,0.7596066260492975,0.7603926223022572,0.03454561533051173
747,0.761394317568195,0.7563695397124235,0.02858016614771174
748,0.757373034357494,0.7621811137486016,0.029972076912104562
749,0.7631370099870729,0.7608400862186571,0.043185646782657405
750,0.7621361209139454,0.7706747428446707,0.022371324228966583
751,0.7703314115535864,0.7563695397124235,0.030433400601719413
752,0.7560326066205949,0.748323374532756,0.02295886169953838
753,0.7479900401991966,0.7494229352541542,0.016937013300085176
754,0.7502236318909983,0.7411707729666315,0.026835349605328688
755,0.7426283292515965,0.7375951542931993,0.03732916307669226
756,0.7372652546949059,0.7277604976671856,0.033715780254415226
757,0.7274349967546101,0.7313361163406196,0.018383133020290304
758,0.7319035437473076,0.7174783771247721,0.02192807019128917
759,0.7176142840779551,0.7250784426072965,0.022220470013549504
760,0.725648668844805,0.7237374150773519,0.020537254557316798
761,0.7243082411079058,0.7223963875474073,0.018636381930019524
762,0.7225205495890084,0.7197143324875181,0.023229632695994807
763,0.7202869578972066,0.7210553600174627,0.01706048925499099
764,0.7220732858070118,0.7232899511609521,0.0259994913119197
765,0.7238609773259075,0.7250784426072965,0.018051856068103972
766,0.725835483290334,0.7221099015033712,0.08236065218301929
767,0.722332371534387,0.7250784426072965,0.027754437810691927
768,0.7247541412808101,0.7295476248942734,0.022854276744385334
769,0.7292226882735076,0.7402772093530885,0.03208677375399484
770,0.7408406377327008,0.7460887833892667,0.02615828522288505
771,0.7470955126352017,0.7496644020627006,0.0344240558538417
772,0.7506708956729966,0.7313361163406196,0.0375136925525382
773,0.7314576435744016,0.7314084199612569,0.04322698795602942
774,0.7319035437473076,0.7313361163406196,0.06603855461401718
775,0.7319035437473076,0.7344656353169086,0.04263041565948891
776,0.7354789267851007,0.7286540612807304,0.06708987981764983
777,0.7292226882735076,0.7232899511609521,0.06893161540224277
778,0.7238609773259075,0.7291097105126738,0.1472739602900234
779,0.7296699520555041,0.7349130992333102,0.37900711643125473
780,0.7399461101687059,0.7617336498322018,0.28582465921594685
781,0.7622874815230976,0.7469823470028114,0.10879710053269882
782,0.7470955126352017,0.7617336498322018,0.12116358702303306
783,0.7631820090870907,0.7518989932061881,0.06962839213225452
784,0.7524572235828018,0.7822978909170288,0.08869707679574695
785,0.7832884251405883,0.7706747428446707,0.06528455731953688
786,0.7703314115535864,0.7782748083271951,0.09481639180262026
787,0.7792671419298891,0.816271043082045,0.10496852458280323
788,0.8168004821721748,0.8082521622875234,0.05850350975610624
789,0.8087579157507765,0.7938132656680583,0.06866193953620679
790,0.7942804780268027,0.7572644675452249,0.051905075190285754
791,0.7578202981394924,0.7469823470028114,0.052341758445440464
792,0.7482573075811221,0.7626285776650032,0.06299354447995405
793,0.7636279092599967,0.7518989932061881,0.06363364821070748
794,0.7524572235828018,0.749216938146299,0.04428050342050298
795,0.7493304679360957,0.7581580311587679,0.044878992195279285
796,0.7587134620943949,0.7572644675452249,0.0511217831570584
797,0.7578202981394924,0.7599465226051141,0.03609659378847502
798,0.7600538898312941,0.751452893509045,0.04000812586771975
799,0.7520113234098957,0.7421366402008136,0.039681777002425436
800,0.7430742294245025,0.7264194701372411,0.053521487690870964
801,0.7269890965817041,0.7250784426072965,0.14642742447501503
802,0.7252014050628084,0.7183719407383169,0.04129545167695953
803,0.7189451665512152,0.7312024228534018,0.031845571278890566
804,0.7314576435744016,0.7237374150773519,0.23900920265470565
805,0.7247541412808101,0.7201604321846613,0.03608920165813698
806,0.7211801218521092,0.7264194701372411,0.03520707410446394
807,0.7269890965817041,0.7501118659791004,0.058828763490980096
808,0.7506790773275451,0.7568170036288233,0.0632385799115299
809,0.7569257705754975,0.751452893509045,0.02539744336327694
810,0.7524572235828018,0.763522141278548,0.028291325499317874
811,0.7640751730419932,0.7679926877847816,0.04876944301393034
812,0.7685437200346907,0.7736514692641414,0.032652134833552504
813,0.7743526947642874,0.7729093339881601,0.037107946731761224
814,0.7730122670273865,0.7657580966412922,0.01676014973718239
815,0.7654156007788941,0.780357971133121,0.02360553621281451
816,0.7810016526942185,0.7799459769174106,0.03213030518820775
817,0.7810548334487866,0.784979945976918,0.022266191708603316
818,0.7855233804414823,0.7767537038552845,0.02254818779186937
819,0.7781776182658167,0.7769337807972505,0.026810709170868547
820,0.777480814020084,0.7876620010368072,0.042154581491803095
821,0.7890973998701849,0.7814029630842274,0.024861924587676557
822,0.7815020972307831,0.7787209080243382,0.030680626294136152
823,0.7783739779749865,0.7778273444107953,0.019832538131756786
824,0.7783739779749865,0.7711222067610723,0.023285758130042907
825,0.7712245755084908,0.7711222067610723,0.032754803310469746
826,0.7712245755084908,0.7644170691113477,0.016932632778403373
827,0.7651483333969686,0.7688862513983263,0.024940500195343888
828,0.7694368839895933,0.7684401517011814,0.02227139357810046
829,0.7689909838166873,0.7760388529644491,0.03157480028243413
830,0.7756931225011865,0.7885555646503519,0.03163037815127201
831,0.7895446636521815,0.8059902867588882,0.03272523478911758
832,0.8067479559499713,0.8082248779023775,0.02826750641267307
833,0.8087674610144155,0.7903440560966963,0.024673562155359038
834,0.7908850913890824,0.7948146026029317,0.03868767236326133
835,0.7957995385546841,0.7814029630842274,0.020925204508761456
836,0.7801616694938822,0.8037543313961422,0.03245419001005603
837,0.804289368758079,0.7948146026029317,0.02056928712211498
838,0.7957995385546841,0.7988376851927654,0.022868513439851194
839,0.7989276578104807,0.7934735750729871,0.01814603728426273
840,0.7957995385546841,0.7966017298300194,0.02169206958568205
841,0.7962468023366807,0.7903440560966963,0.01644858513256417
842,0.7917782553439849,0.8003751602957632,0.018443638976020204
843,0.8007153493293764,0.8006261766391098,0.0173955991636489
844,0.8017244200570541,0.7920343237565142,0.013267778826365158
845,0.792672782907978,0.80017871272271,0.018369991455244896
846,0.8002680855473798,0.8026370358243984,0.034905365673629785
847,0.8030293939575763,0.8050953589260867,0.03269210709389894
848,0.8056297964949799,0.8037543313961422,0.026170879222720236
849,0.804289368758079,0.8042017953125438,0.026467385784057256
850,0.8047366325400773,0.8122479604922113,0.025048096759153173
851,0.8123332987885696,0.801072276336253,0.029702127263463465
852,0.8018675990116559,0.7903440560966963,0.03723443429532328
853,0.7908850913890824,0.7896824097568977,0.03240408779332042
854,0.790437827607084,0.7903440560966963,0.03394767412094565
855,0.7908850913890824,0.7988376851927654,0.0602442195594126
856,0.7998221853744738,0.7961556301328763,0.10339619108164115
857,0.7971399662915832,0.8019672041690544,0.2646032219284535
858,0.8453980920381596,0.9772011677716854,0.39072747597352303
859,0.9785531562096033,1.0,0.15688564620771395
860,1.0,0.9870358243976973,0.11017285812338999
861,0.988383414149899,0.9548497994597707,0.07851291145076582
862,0.954424093336316,0.8962893236200937,0.08114368850329347
863,0.8954425456945412,0.8842200758505907,0.07548569718603501
864,0.8900808347469411,0.8654443262121099,0.05969501165355659
865,0.865362692746146,0.877067474284468,0.03762703855105484
866,0.877569721332847,0.9065714441625072,0.0700601473005172
867,0.907953659108637,0.91372404572863,0.0731281551734098
868,0.9146557977931344,0.9324984311478541,0.0742993971580818
869,0.9320827219819243,0.9280278846416206,0.030313757603285172
870,0.9294018665081243,0.9508267168699369,0.038494381844051795
871,0.9512959740805194,0.9570857548225167,0.051566132325156264
872,0.9571049488101142,0.9503792529535353,0.06361119803708823
873,0.9517432378625159,0.9494856893399923,0.036961199255420824
874,0.9490623823887159,0.9280278846416206,0.04707637138391357
875,0.9280614387712252,0.9199817194619531,0.027040686559163193
876,0.9195716085678285,0.9324984311478541,0.02841206362817256
877,0.9338704135008218,0.9262407574145328,0.02141965589359494
878,0.9258264834703311,0.941885623857468,0.032378626011044936
879,0.9441465716140218,0.9405445963275234,0.02814758963163372
880,0.9423588800951261,0.9539562358462259,0.017893062157138623
881,0.9535295657723211,0.9570857548225167,0.019812278218978446
882,0.9588926403290117,0.9539644211617695,0.024581571200041178
883,0.9548713571183125,0.9494761398051903,0.024617984286521167
884,0.9495082825616219,0.9552972633761705,0.020054849607108276
885,0.9557645210732151,0.9566382909061151,0.014889393196447508
886,0.9579981127650168,0.9454626067501586,0.014061748381191903
887,0.9463815269149158,0.9557447272925721,0.026031797659322998
888,0.9557645210732151,0.9405445963275234,0.049090316227122385
889,0.9419129799222201,0.9526152083162813,0.015426280885073456
890,0.9535295657723211,0.9356279501241449,0.02567396379444074
891,0.93655126897462,0.9432280156066692,0.012670658964614421
892,0.9437006714411176,0.9463561703637016,0.01396619825200758
893,0.9463815269149158,0.9414395241603231,0.010862051075240114
894,0.9428061438771227,0.9423249024583242,0.02457472663491336
895,0.9423588800951261,0.9396510327139787,0.019422411789298006
896,0.9396780246213261,0.9253458295817314,0.016610116869580645
897,0.9253805832974251,0.9186406919320085,0.02418294372699713
898,0.9195716085678285,0.9223240839267692,0.018725361276681143
899,0.9222524640416285,0.9284753485580204,0.018751096841561735
900,0.9285073389441312,0.9172996644020639,0.031177815505020762
901,0.9177839170489328,0.9290742408119836,0.023918195947853178
902,0.9294018665081243,0.9378625412676342,0.016434896002308536
903,0.937891696711521,0.9324984311478541,0.014348398768744868
904,0.9334231497188235,0.9416086873482321,0.00812696285016453
905,0.9428061438771227,0.945015142833757,0.011184566984062842
906,0.9463815269149158,0.9490382254235907,0.014234778987623112
907,0.9490623823887159,0.9396510327139787,0.006849493214708808
908,0.9401252884033227,0.935341464080107,0.010956506074003988
909,0.9364612707745845,0.9360754140405447,0.011805505932458379
910,0.9374348876658836,0.9347343865106001,0.034256774682117866
911,0.9352108412377209,0.9405445963275234,0.03118466007014858
912,0.9419129799222201,0.9517202804834799,0.012476547097589538
913,0.9521891380354219,0.9579793184360597,0.010314759647619885
914,0.9588926403290117,0.9459100706665584,0.013798643297678628
915,0.9463815269149158,0.9539562358462259,0.015399997754982641
916,0.954424093336316,0.9409920602439232,0.011104896245975056
917,0.9414657161402236,0.9485921257264476,0.0076193699002856385
918,0.9490623823887159,0.9360754140405447,0.015005203238410168
919,0.9356567414106269,0.9061239802461056,0.043080514262294145
920,0.9057200674168335,0.9293689121715651,0.029860099826613477
921,0.9298477666810303,0.91372404572863,0.0182749888912708
922,0.9137626338382319,0.9208766472947545,0.009739816176883277
923,0.9207784026137666,0.9271343210280758,0.027223299556773346
924,0.9253805832974251,0.926686857111676,0.01630183765622378
925,0.9271669112072303,0.9217702109082975,0.03229840770774693
926,0.9227706354963807,0.9190881558484083,0.017522086727210954
927,0.9191243447858319,0.9292884232353824,0.013037801438070512
928,0.9294018665081243,0.9219489236310068,0.03715038303555368
929,0.9222524640416285,0.9275817849444774,0.03504088806316055
930,0.9280614387712252,0.928922812474422,0.03913174774875408
931,0.9294018665081243,0.9338394586777987,0.026826314779359973
932,0.9347635774557244,0.9284753485580204,0.03967849161116409
933,0.9289546027261277,0.9340631906359995,0.0471459121656122
934,0.934316313673726,0.9329458950642557,0.07858491627591044
935,0.9329758859368269,0.9369689776540895,0.2672255117202227
936,0.8552283499784554,0.8707552317808531,0.23417940371791304
937,0.8704203188663495,0.8292352186843477,0.09666606708276147
938,0.8293115955862707,0.8171659709148464,0.09731985994377053
939,0.8185881736910723,0.8109069329622667,0.10310351747677571
940,0.8105456072696722,0.8189530981419342,0.1003938910339756
941,0.8194813376459749,0.8502455594663179,0.06508004171351772
942,0.8507598029857579,0.8302092712340734,0.04590485561663646
943,0.8310992871051663,0.8046492592289436,0.0557131174447979
944,0.8033962048031764,0.7894504924831534,0.04099921889822762
945,0.7908850913890824,0.7858735095904628,0.07955355913279907
946,0.7859692806143883,0.7739475048429796,0.055783205791706744
947,0.7730122670273865,0.7599465226051141,0.10180770440677743
948,0.7605011536132924,0.7617336498322018,0.06102176215793259
949,0.7628247435051296,0.7630746773621464,0.05811391710903091
950,0.7636279092599967,0.7563695397124235,0.0497887356527648
951,0.7560326066205949,0.7443002919429222,0.08733062781362962
952,0.7448619209434,0.7274917464734934,0.09040986077333182
953,0.7265418327997075,0.7268655698343842,0.0455837086208393
954,0.728329524318605,0.7322487790237648,0.05860754714604906
955,0.7327980713113007,0.732231044173421,0.03447169402713131
956,0.7319035437473076,0.7339199476139822,0.04330145682462007
957,0.7403933739507025,0.7451938555564652,0.04333841747631027
958,0.7462023486802991,0.7505579656762436,0.03198793823354916
959,0.7506708956729966,0.7429592644129777,0.031227643939151273
960,0.7462023486802991,0.748323374532756,0.03143161197996021
961,0.7488832041540991,0.7389361818231439,0.02574514727177003
962,0.7399461101687059,0.739329076969252,0.018958076491026914
963,0.7399461101687059,0.7505579656762436,0.042611250877131024
964,0.7507772571821292,0.7594990586887125,0.04533264997195098
965,0.7596066260492975,0.7638168126381277,0.024083834423946345
966,0.7645224368239916,0.7640228097459829,0.029791654175335313
967,0.7645224368239916,0.7632179203841645,0.015098015541543365
968,0.7631820090870907,0.7693337153147262,0.01993986091296095
969,0.7694368839895933,0.7733567979045599,0.0168014909105544
970,0.773905430982289,0.7720157703746153,0.02219418688345869
971,0.7730122670273865,0.7657580966412922,0.05307248421848619
972,0.7658628645608907,0.7693337153147262,0.03047747960114255
973,0.7703314115535864,0.7733567979045599,0.034556566634716235
974,0.7734581672002925,0.7563695397124235,0.04917573639991754
975,0.7570784947937401,0.7572644675452249,0.0
976,0.7167115748594117,0.8399634389239043,0.6953883784212217
977,0.8400363810905596,0.8386224113939598,0.1111801043275995
978,0.8382486895716639,0.8279746800905858,0.30825429913980246
979,0.8288656954133646,0.7912376197102411,0.08986612851957806
980,0.792672782907978,0.8037638809309442,0.05153464732556831
981,0.8042989140217198,0.7939196747701303,0.042025629884795024
982,0.7944591108177832,0.7939196747701303,0.08124991615407719
983,0.7953536383817781,0.8082248779023775,0.0886138468837927
984,0.8096524433147696,0.7831914545305736,0.05398664433695739
985,0.7841652257863938,0.7688862513983263,0.04570745835835022
986,0.7694368839895933,0.7496644020627006,0.044293644985548386
987,0.7497763681090017,0.7617336498322018,0.057425627639777654
988,0.7631820090870907,0.7800619355542828,0.03589454222590187
989,0.7810548334487866,0.7867684374232642,0.04860955397254453
990,0.7873110719603797,0.7894504924831534,0.031684587107084314
991,0.7890973998701849,0.784979945976918,0.03963934069863298
992,0.7846288528774874,0.7755927532673059,0.027878461330807968
993,0.776140386283183,0.7711222067610723,0.03907918148857245
994,0.7712245755084908,0.7550285121824789,0.02357103960457031
995,0.7551394426656923,0.7531063272489167,0.05811829763071272
996,0.7533517511467949,0.7313361163406196,0.04208668340573514
997,0.7314576435744016,0.7367002264603979,0.02782972802709791
998,0.7377125184769042,0.7420657007994329,0.018764512189212258
999,0.7430742294245025,0.7510054295926452,0.023604167299788942
1000,0.7515640596278992,0.7527939210389896,0.03145132432752833
1001,0.7533517511467949,0.7572644675452249,0.028033148502696625
1002,0.7587134620943949,0.7626285776650032,0.017718936420286963
1003,0.7622874815230976,0.7653106327248924,0.042318851054870696
1004,0.7663101283428873,0.7702368284630712,0.019432541745687173
1005,0.7694368839895933,0.7778273444107953,0.036791180257645856
1006,0.7792671419298891,0.7769337807972505,0.029361541702703307
1007,0.7783644327113457,0.7787209080243382,0.02022760643093437
1008,0.7792671419298891,0.781850427000629,0.025776358488752874
1009,0.7828425249676823,0.7800360153883936,0.02050111525344193
1010,0.7801616694938822,0.7724632342910169,0.01798998119934851
1011,0.7725650032453899,0.7738042618209615,0.020573393861191672
1012,0.7743526947642874,0.7691099833565254,0.02264264279063324
1013,0.7698841477715899,0.7774248997298852,0.028024113676727903
1014,0.7788212417569831,0.7814029630842274,0.027941978895194102
1015,0.7819479974036891,0.7769337807972505,0.009575820396420787
1016,0.7765862864560891,0.7909156639655137,0.1260711402196777
1017,0.7908850913890824,0.7983902212763638,0.027464228249272495
1018,0.7989276578104807,0.8113271124935206,0.05863273514571943
1019,0.8114387712245765,0.8028607677825992,0.04434046181102265
1020,0.8033962048031764,0.8059902867588882,0.022279059491043616
1021,0.806524324058973,0.7875719625658242,0.028710760450350484
1022,0.7873110719603797,0.7872950260565883,0.013049574090090357
1023,0.7873110719603797,0.7787209080243382,0.014743740850527567
1024,0.7783739779749865,0.7787209080243382,0.01444586537616498
1025,0.7783739779749865,0.7760388529644491,0.008695061755773323
1026,0.7756931225011865,0.7724632342910169,0.05347138547413535
1027,0.7730122670273865,0.7746978254345045,0.1503186966414814
1028,0.7747985949371916,0.766651660254837,0.01646610721929138
1029,0.7667560285157933,0.7769337807972505,0.01694385786521299
1030,0.7773008176200111,0.7700581157403619,0.010622491295766527
1031,0.7703314115535864,0.7733567979045599,0.009870684262127134
1032,0.7752458587191899,0.7760388529644491,0.007718752985941539
1033,0.776140386283183,0.7751452893509061,0.014660237155968203
1034,0.7743526947642874,0.7679926877847816,0.014724576068169681
1035,0.7685341747710499,0.7715683064582155,0.009993612651822723
1036,0.7721177394633933,0.7630746773621464,0.00931873853021999
1037,0.7636279092599967,0.7594990586887125,0.00904331322947664
1038,0.7600538898312941,0.7451938555564652,0.02630037839493853
1039,0.7457550848983026,0.7465444326212118,0.015872272748801996
1040,0.7479900401991966,0.7527939210389896,0.0185580801049573
1041,0.7515640596278992,0.7635316908133483,0.020394613820053097
1042,0.7645224368239916,0.7608400862186571,0.013447927780529296
1043,0.761394317568195,0.7626285776650032,0.01620984670090592
1044,0.762931105014264,0.763522141278548,0.015760021880705802
1045,0.7631820090870907,0.7711222067610723,0.018548497713778356
1046,0.7712245755084908,0.7745368475621408,0.02975989539314224
1047,0.7756931225011865,0.7800619355542828,0.036729852954100625
1048,0.7819479974036891,0.7848271534200979,0.04024659051677289
1049,0.7850761166594857,0.7800619355542828,0.037542165943469916
1050,0.7806075696667882,0.7778273444107953,0.04286723761291138
1051,0.777480814020084,0.7715683064582155,0.06297383213238594
1052,0.7730122670273865,0.7581580311587679,0.09948137361113507
1053,0.7587134620943949,0.7501118659791004,0.35912529743057764
1054,0.7211801218521092,0.7130078306185386,0.2384394610534662
1055,0.7140307193856117,0.6826102971269545,0.08473818032581773
1056,0.681859090090926,0.6776936509235778,0.12315289143178174
1057,0.6773905430982285,0.6839513246568991,0.04891701183808607
1058,0.6840926817827278,0.680375705983467,0.04401849346741016
1059,0.6809659261360235,0.6741166680308872,0.05813718863046549
1060,0.6751569514064268,0.7000450192354926,0.0791371357904227
1061,0.7010723421895193,0.6960205724264004,0.027189898078949597
1062,0.6974983227608185,0.7022796103789801,0.033159454000826274
1063,0.7040572824907141,0.7118455158113015,0.0537229916882339
1064,0.7131375554307091,0.7115153747510305,0.04726911433791289
1065,0.7116362218210188,0.7134552945349384,0.036974614603071346
1066,0.71447798316761,0.7031731739925249,0.03785865863498017
1067,0.7042004614453159,0.7223063490764243,0.038058519936712415
1068,0.7225205495890084,0.7501118659791004,0.07837875797426061
1069,0.7506708956729966,0.7478759106163544,0.035653887316007826
1070,0.7479900401991966,0.7340181714005087,0.024805799153628457
1071,0.7350316630031042,0.7456413194728668,0.0350937281059473
1072,0.7462023486802991,0.748886797086028,0.01969345656835955
1073,0.7493304679360957,0.7393822815202871,0.04819805871706019
1074,0.7408406377327008,0.7505579656762436,0.025553225665586047
1075,0.7515640596278992,0.7501118659791004,0.020358200733573115
1076,0.7509027092185434,0.7626285776650032,0.022656605703493985
1077,0.7631820090870907,0.7545824124853358,0.014071330772370848
1078,0.7560326066205949,0.7686188644238907,0.029169072531309095
1079,0.7703218662899474,0.7755927532673059,0.02247399270588384
1080,0.7752458587191899,0.7742503615181047,0.01686911521401723
1081,0.773905430982289,0.7715683064582155,0.03919937205221692
1082,0.7721177394633933,0.7693337153147262,0.025109971627908633
1083,0.7694368839895933,0.7751452893509061,0.013588104474346982
1084,0.7765862864560891,0.7715683064582155,0.01632374026463279
1085,0.7716718392904873,0.769781179231126,0.043274078564108795
1086,0.7698841477715899,0.7670991241712368,0.009761445002687177
1087,0.7680964562526942,0.7840850181441166,0.042270939098975974
1088,0.7864165443963849,0.7876620010368072,0.006296452352381212
1089,0.7882042359152823,0.7816444298927738,0.019673470438186322
1090,0.7819479974036891,0.7662041963384372,0.030225873387044005
1091,0.7676505560797882,0.7729093339881601,0.006322735482472027
1092,0.7734581672002925,0.7626285776650032,0.0018860883666211928
1093,0.7640751730419932,0.7608400862186571,0.006139574919651652
1094,0.7605011536132924,0.7612875501350587,0.014225744161654393
1095,0.7618415813501915,0.7621811137486016,0.0011501607240783328
1096,0.7627347453050941,0.7465348830864098,0.0648528021512742
1097,0.7479900401991966,0.7483056396824104,0.011485180284476555
1098,0.7470955126352017,0.7407233090502316,0.025756646141184763
1099,0.7408406377327008,0.7501118659791004,0.007079744385608565
1100,0.7511167958459009,0.748323374532756,0.00786440533186148
1101,0.7484359403721026,0.7599465226051141,0.03359969642984745
1102,0.7600538898312941,0.7588551471992595,0.013744434341866316
1103,0.7587134620943949,0.7648631688084926,0.0067917250850300336
1104,0.7658628645608907,0.7679926877847816,0.013197690479456313
1105,0.7694368839895933,0.7679926877847816,0.005455939754685311
1106,0.7667110294157755,0.7733567979045599,0.015581789404777453
1107,0.773905430982289,0.7679926877847816,0.007790484028481058
1108,0.7694368839895933,0.7675452238683818,0.005494269319401085
1109,0.7680964562526942,0.7626190281302012,0.02030344421255058
1110,0.7627347453050941,0.7626285776650032,0.016390543220280284
1111,0.7622874815230976,0.7653106327248924,0.016609021739160196
1112,0.7663101283428873,0.7644170691113477,0.03369935329810847
1113,0.7658628645608907,0.7572644675452249,0.009573903918184998
1114,0.7587134620943949,0.7575414040544608,0.01845842323669629
1115,0.7587134620943949,0.7706747428446707,0.018305926325648533
1116,0.7712245755084908,0.7733567979045599,0.016476510958285662
1117,0.773905430982289,0.769781179231126,0.01610827335440912
1118,0.7707773117264924,0.782743990614172,0.14041597981455609
1119,0.7844952191865264,0.7764863168808507,0.020040612911642417
1120,0.777480814020084,0.7778273444107953,0.01122234898356839
1121,0.777480814020084,0.7715683064582155,0.015740583315742802
1122,0.7712245755084908,0.7742503615181047,0.01896382592573428
1123,0.773905430982289,0.7653106327248924,0.019290996138843924
1124,0.7658628645608907,0.7662041963384372,0.09385349838043901
1125,0.7658628645608907,0.7749215573927053,0.025403192797984305
1126,0.7752458587191899,0.7796158358571397,0.02135422185097301
1127,0.7806075696667882,0.7760388529644491,0.03030828195118292
1128,0.7765862864560891,0.7815734904913931,0.04050805290465548
1129,0.7819479974036891,0.7992851491091653,0.060404656166008625
1130,0.7998221853744738,0.8144839158549573,0.19528584683560696
1131,0.8114387712245765,0.8189981173774257,0.33921007695207683
1132,0.8543351860235529,0.91372404572863,0.3213816274897448
1133,0.9128694698833293,0.8799637117677559,0.14033904690251944
1134,0.8811437407615479,0.883325148017791,0.07229448714084172
1135,0.8847191237993428,0.8855611033805353,0.07117854924240247
1136,0.886505451709148,0.8699148727183434,0.050575313077253506
1137,0.8695271549114469,0.8524801506098072,0.05613529022188164
1138,0.853440658459558,0.8243185724809692,0.08363072968813698
1139,0.8239498846386706,0.8028512182477971,0.10061319090067085
1140,0.8025030408482738,0.7889307249461144,0.09524102862315002
1141,0.7894723923703353,0.7706747428446707,0.06518407910346052
1142,0.7712245755084908,0.7473397724482282,0.08897907287901301
1143,0.7479900401991966,0.7358066628468531,0.07806390797838103
1144,0.7372652546949059,0.7215014597146059,0.10436592906895023
1145,0.7229678133710049,0.7040681018253263,0.14559895831194408
1146,0.7050936254002202,0.7031731739925249,0.06578092518260616
1147,0.7037531976633193,0.7041117568415611,0.07954041756775367
1148,0.7041377354271106,0.7259720062208412,0.0791738226595078
1149,0.7265322875360685,0.714126490409539,0.08491750793216653
1150,0.714923883340516,0.71390275845134,0.06429592833247502
1151,0.714923883340516,0.6946795448964558,0.08155627888919827
1152,0.695710631241921,0.680375705983467,0.15434658632789902
1153,0.6805186623540251,0.6835038607404993,0.10066356690001159
1154,0.6836467816098217,0.6540012550817167,0.2106080903307376
1155,0.6546032715709327,0.671434612970998,0.10671580516863229
1156,0.6720288321506303,0.6732231044173425,0.028992482751011423
1157,0.6747096876244303,0.6830482115085541,0.10473827341190346
1158,0.6831995178278252,0.6839513246568991,0.027603857377879955
1159,0.6845399455647261,0.699507516848108,0.05916989661695049
1160,0.7001791782346167,0.7009385828490355,0.025078212845715566
1161,0.7015196059715176,0.6973629641756034,0.016784242606432305
1162,0.698391486715721,0.6920070393713686,0.018591755365386157
1163,0.6934770395501175,0.6942334451993126,0.029580841569398556
1164,0.6952633674599245,0.6939469591552765,0.013596591735105475
1165,0.6943702035050201,0.692892417669368,0.01516509227979597
1166,0.6943702035050201,0.6857398161032453,0.019382987094161776
1167,0.6867749008656201,0.6823606450028663,0.04633606321968892
1168,0.6836467816098217,0.690656462306622,0.0197983153061177
1169,0.6916893480312218,0.6845856866115536,0.017231603383186408
1170,0.6847281236193457,0.6848448882704439,0.024175825379264198
1171,0.684745850537535,0.6767987230907764,0.040084511214546176
1172,0.6773905430982285,0.6776936509235778,0.026902152560976177
1173,0.678257798480395,0.6785872145371208,0.012594547400393098
1174,0.6796254983991226,0.6741166680308872,0.04865910862406993
1175,0.6747096876244303,0.6761725464516672,0.03251524353099616
1176,0.6769446429253243,0.6718820768873979,0.013793715210786598
1177,0.6720288321506303,0.6638359117077304,0.00661404017431191
1178,0.6644335295112285,0.6588728820496037,0.015194934583753247
1179,0.6590704549545379,0.6593203459660053,0.027881472939464202
1180,0.659964982518531,0.6441665984557048,0.0351282247141915
1181,0.6450143724398245,0.6473847916837201,0.028082429371616906
1182,0.648794296841336,0.6392485880330696,0.020441430645527368
1183,0.6398572028559428,0.6419306430929588,0.02284223030976038
1184,0.6425476035933837,0.6548948186952614,0.029397681006578174
1185,0.6554964355258353,0.6571294098387508,0.02721563364383019
1186,0.6572841270447327,0.6401789855665605,0.026887368300300096
1187,0.6411976305928437,0.6522127636353723,0.011889283409622857
1188,0.6528155800520352,0.6607063927314414,0.02453584950498736
1189,0.6608581464734335,0.6633884477913305,0.020394613820053097
1190,0.6648794296841345,0.6589179012850952,0.01278646900657708
1191,0.6595177187365344,0.6571294098387508,0.01418768837954373
1192,0.657730027217637,0.6464011895991923,0.013115555697922512
1193,0.6470066053224386,0.6267318763471668,0.037438402336132215
1194,0.6268988256598504,0.6352255054432359,0.01749306577106901
1195,0.6353886558632471,0.641037079479414,0.01614413887567888
1196,0.6411976305928437,0.6446126981528479,0.009375411529478312
1197,0.646103896103897,0.6392485880330696,0.017896347548399975
1198,0.6398572028559428,0.6231562576737346,0.09500365910451733
1199,0.6237720700131462,0.6258383127336238,0.03628796782944878
1200,0.6268988256598504,0.62181523014379,0.019855262087981138
1201,0.6228775424491513,0.6262844124307669,0.12076413820217366
1202,0.6264529254869444,0.6181495729993731,0.08282060695960858
1203,0.6193035230204487,0.6222613298409332,0.05212273236135033
1204,0.6237720700131462,0.6182382472510994,0.034458826244691015
1205,0.6184089954564556,0.6177907833346978,0.1281970621483776
1206,0.6188562592384521,0.6280729038771113,0.061862000973023384
1207,0.6291337809607445,0.6285285531090565,0.06314193465192512
1208,0.6291337809607445,0.6267318763471668,0.1454634359224133
1209,0.6264529254869444,0.6222613298409332,0.2959765182135247
1210,0.6291337809607445,0.6548948186952614,0.29739306941237764
1211,0.6541560077889361,0.603710676379908,0.09454425189313827
1212,0.6041115541325546,0.5650418815312008,0.1210800833284737
1213,0.5665782138902671,0.5650418815312008,0.12007447981989486
1214,0.5647905223713714,0.5592303074950209,0.07429310015816422
1215,0.5594288114237713,0.5274917464734941,0.08772213693894074
1216,0.5277030823019899,0.49262366647567646,0.1149678866693333
1217,0.4932978613155008,0.48502496521241056,0.10921653548373143
1218,0.4856125604760635,0.49441215792202264,0.1346597005420622
1219,0.49508555283439826,0.49083517502933205,0.09520926984095694
1220,0.4932978613155008,0.47295435322365087,0.09183243518949727
1221,0.4736373454349092,0.4345106545524011,0.17071467937456009
1222,0.4352108412377209,0.444345311178413,0.08846518292921653
1223,0.4441465716140218,0.4288600583885849,0.07682860086411265
1224,0.42895460272612773,0.4309336716597105,0.06148965663007015
1225,0.4307422942450252,0.4005361381681265,0.10202098105616021
1226,0.4012515204241378,0.4009836020845281,0.08395899503166707
1227,0.4012515204241378,0.4094772311805954,0.1703543814662318
1228,0.40929408684553614,0.41305284985402935,0.10674290964653844
1229,0.41465579779313444,0.39472456413194834,0.075658180227256
1230,0.39499528191254285,0.39427710021554674,0.05632639048025029
1231,0.39588980947653774,0.37729120624266876,0.0935271495151447
1232,0.37846288528774963,0.3777373059398119,0.06806290319622027
1233,0.3789101490697462,0.3620828899620747,0.09720843042348967
1234,0.36193048866295463,0.35851545660418616,0.09359751164465865
1235,0.3592496331891546,0.371032168290089,0.04265861526781552
1236,0.37086758264834785,0.36030394805053234,0.055696142923280914
1237,0.36103732470805205,0.35380344328940616,0.041142407200701545
1238,0.35433518602355285,0.34689230853182806,0.09813983884608297
1239,0.34763168372996134,0.3451051813047403,0.05811035793516445
1240,0.3458453558201562,0.3728206597364334,0.08813828649871198
1241,0.3744416020770487,0.3728206597364334,0.055885052920808656
1242,0.3717607466032504,0.37371422334997817,0.03552000762210773
1243,0.37399570190414444,0.35851545660418616,0.03642129995813864
1244,0.3592496331891546,0.35225778287086307,0.09788604237114354
1245,0.3521179576408482,0.34012441679626804,0.06667537295350925
1246,0.3404918265271064,0.33214100570243765,0.06149239445612127
1247,0.3328869786240638,0.33169354178603605,0.03806344802360444
1248,0.3319938146691612,0.34197566232844956,0.044207951030148115
1249,0.34262723836432407,0.34331668985839414,0.064213245985731
1250,0.34361040051926217,0.33884614335216057,0.037569817986586304
1251,0.34003638109055956,0.3379525797386158,0.039369664832597004
1252,0.33914185352656645,0.3357166243758698,0.026558829174164886
1253,0.3364609980527664,0.3209653215464794,0.06377108707847404
1254,0.32126902916487055,0.3176120706119896,0.030668579859511196
1255,0.31903543747306884,0.32185888516002414,0.022379811489725076
1256,0.32260945690177145,0.3245409402199133,0.02391682703482761
1257,0.32484441220266547,0.30755504624703356,0.07212802731693321
1258,0.3087579157507765,0.3164947750402458,0.06684484438607399
1259,0.31671184758122983,0.30353059943794314,0.0478352967652859
1260,0.304289368758079,0.29505606941147633,0.04572361153205187
1261,0.29580090216377464,0.2981664893181648,0.03769493663712278
1262,0.2989276578104807,0.2950383345611307,0.03005694951968949
1263,0.2966940661186772,0.30442552727074457,0.033657190776921114
1264,0.3051838963220739,0.3056233117786693,0.05567259761924122
1265,0.30607706027697645,0.3115781288368673,0.030249144908478586
1266,0.31233329878856964,0.31694223895664564,0.035709738967450805
1267,0.3176950097361697,0.3267768955826593,0.052270027402900945
1268,0.3275252676764655,0.33348203323238224,0.043579619951414544
1269,0.3337801425789664,0.3147062835938996,0.03747070868353551
1270,0.31590731821727225,0.3245409402199133,0.03190552966941025
1271,0.32484441220266547,0.32051785763007956,0.04523764740797688
1272,0.32126902916487055,0.33169354178603605,0.03454342506967083
1273,0.33243971484206725,0.3446577173883387,0.057661628245384774
1274,0.34539809203815963,0.35002182750811883,0.06709179629588562
1275,0.35120706676775626,0.3544923740143524,0.05829050688932859
1276,0.3552283499784554,0.34242312624485116,0.03453493780891234
1277,0.34226997278236304,0.33348203323238224,0.06639912630495057
1278,0.3351205703158673,0.32051785763007956,0.05676389508322033
1279,0.32126902916487055,0.31336525606395504,0.07444203789534551
1280,0.3141196266983748,0.3026370358243984,0.06383131925159882
1281,0.3033962048031764,0.31381271998035665,0.08138187936974149
1282,0.3145668904803731,0.3160473111238442,0.0842426338105638
1283,0.3168004821721748,0.3178358025701904,0.07709280107804639
1284,0.3185881736910723,0.3410820987149066,0.11340814716800643
1285,0.341824072609457,0.3343755968459252,0.12905892978927228
1286,0.3360150978798604,0.38936045401217,0.5244560418755971
1287,0.39052809852893944,0.3996425745545835,0.7335101421397152
1288,0.3440576643012587,0.3147062835938996,0.2790493610872236
1289,0.3163545819992688,0.3017434722108554,0.15548442683474728
1290,0.30294894102117986,0.2914613516684401,0.19619015078029411
1291,0.2929223233717142,0.2664279282966362,0.14567616500658584
1292,0.2680964562526924,0.2825202586559712,0.08740427533440492
1293,0.28597064422347884,0.2664279282966362,0.144964604015898
1294,0.2689909838166873,0.31381271998035665,0.16060854207203604
1295,0.31367372652546877,0.3200717579329364,0.10299509956515109
1296,0.3208231289919663,0.3115781288368673,0.08337310025672595
1297,0.3118860350065731,0.2834151864887726,0.09555752131466026
1298,0.28373568892258483,0.2691017980409818,0.06727769468475712
1299,0.2694368839895933,0.24541758751466602,0.08519895645022235
1300,0.2462023486802991,0.26967340590979916,0.13796261389014144
1301,0.2703314115535864,0.2619573817904026,0.07838450740896796
1302,0.2627347453050941,0.2682164197429824,0.06461762289348241
1303,0.2694368839895933,0.2619573817904026,0.06191484101581013
1304,0.26318200908709066,0.2539112166107351,0.0647838089347858
1305,0.25470172414733483,0.25569970805707953,0.035245677451784835
1306,0.25647987040259146,0.2707020272298166,0.11071193607285684
1307,0.27077731172649244,0.26061635426045804,0.09482706932421966
1308,0.26094705378619665,0.3004024446809108,0.17447590480359795
1309,0.3002680855473798,0.2682164197429824,0.08374653973009963
1310,0.26854372003469074,0.25748683528416727,0.08599894922236158
1311,0.2582661983123984,0.2700035469700701,0.061174259068980344
1312,0.2716718392904873,0.2664279282966362,0.10754399754909812
1313,0.2680882745981439,0.2780510763689943,0.05825491515066393
1314,0.2788212417569831,0.30442552727074457,0.10966882434737757
1315,0.3051838963220739,0.29593189817467547,0.05341909299655882
1316,0.29580090216377464,0.30353059943794314,0.09957117430561202
1317,0.3056297964949799,0.3030844997408,0.0412171498518973
1318,0.30384346858517475,0.3084486098605783,0.06526292849373298
1319,0.30831201557787047,0.30109956072140065,0.11687259225310218
1320,0.30160851328428073,0.31336525606395504,0.05261143431147644
1321,0.31501415426236967,0.3182832664865902,0.040636456946453334
1322,0.31903543747306884,0.33169354178603605,0.05369780368856353
1323,0.33154655088716467,0.3513628550380634,0.03830684075954961
1324,0.3516543305497528,0.3442102534719389,0.04078648981405507
1325,0.3458453558201562,0.3486807999781725,0.042459027748688385
1326,0.34986663903085535,0.3477872363646295,0.032020244580952456
1327,0.34807894751195967,0.34197566232844956,0.11529505688244296
1328,0.3427172365643596,0.3446577173883387,0.037794593505383806
1329,0.34539809203815963,0.34197566232844956,0.09948082604592484
1330,0.34316450034635615,0.3357166243758698,0.05602139665815477
1331,0.33713189372576124,0.3272229952798025,0.0557131174447979
1332,0.32797116784936975,0.3160473111238442,0.039480820570272745
1333,0.3163545819992688,0.32185888516002414,0.04173487275816537
1334,0.32260945690177145,0.3451051813047403,0.031436813849457346
1335,0.3458453558201562,0.32543586805271474,0.05060269133776478
1336,0.3270780038944672,0.32230634907642397,0.03960046356870697
1337,0.323056720683768,0.30710758233063373,0.05299089700216261
1338,0.3074174880138756,0.3200717579329364,0.05640743013136364
1339,0.3208231289919663,0.3160473111238442,0.03833668306350689
1340,0.3163545819992688,0.3093421734741213,0.03369387764600622
1341,0.3096524433147696,0.30755504624703356,0.031104167984245455
1342,0.30831201557787047,0.29906141715096624,0.04071585390193601
1343,0.2998221853744738,0.29414340672833106,0.05539388692723653
1344,0.29580090216377464,0.3178358025701904,0.04800038767616885
1345,0.31814227351816626,0.31381271998035665,0.03847247923564277
1346,0.3145668904803731,0.3263294316662577,0.04348051064836375
1347,0.3270780038944672,0.3227538129928256,0.03721444816515006
1348,0.32350398446576456,0.3276704591962023,0.034575731417074124
1349,0.3288561501497238,0.3276704591962023,0.04934192244122093
1350,0.32797116784936975,0.321412785462881,0.046584110259921
1351,0.32260945690177145,0.31515374751030123,0.060299523645645364
1352,0.3154600544352757,0.31247169245041206,0.042651223137477476
1353,0.31277919896147566,0.3267768955826593,0.04321056099972266
1354,0.3266307401124706,0.33035251425609147,0.033054869045673244
1355,0.3306533869322621,0.3263294316662577,0.06567688779266334
1356,0.3275252676764655,0.3325884696188375,0.04336196278034997
1357,0.3337801425789664,0.33348203323238224,0.04294526565536848
1358,0.3342274063609647,0.33079997817249307,0.04070545016294172
1359,0.33109928710516634,0.34331668985839414,0.03914653200943018
1360,0.34361040051926217,0.3473397724482279,0.07182248592962746
1361,0.34763168372996134,0.340634634798505,0.06473863480494221
1362,0.341824072609457,0.3361640882922714,0.08016245164656965
1363,0.33690826183476297,0.33527052467872664,0.11846272162359656
1364,0.3360150978798604,0.3325884696188375,0.22632156916857427
1365,0.3342274063609647,0.34242312624485116,0.5039677944045955
1366,0.1671143849850285,0.11354396878666506,0.5863870360651089
1367,0.11438771224575461,0.10907478649968638,0.2341531205878222
1368,0.10813283734325374,0.06928869607923538,0.2634683930302615
1369,0.07015223331896969,0.07018225969277836,0.18680050255534994
1370,0.0714926610558706,0.09968622957081763,0.16637741534436515
1371,0.09919574335786052,0.09298109192109472,0.12409744141942045
1372,0.09294086845535787,0.0978991023437299,0.12119644093564658
1373,0.09919574335786052,0.0858284903549702,0.1250126966683121
1374,0.08668462994376469,0.047830891380863605,0.1373630299849447
1375,0.04915128970147897,0.033973152165016174,0.16070984163592772
1376,0.03619291250538659,0.019221849335625762,0.12547210387969115
1377,0.02100094361749072,0.002682055059890942,0.20936456973831585
1378,0.002234955300894015,0.006257673733323088,0.09215330840268932
1379,0.006703502293591512,0.003128154757034096,0.10360207560068588
1380,0.003575383037793145,0.019410111593135326,0.07293924517588206
1381,0.020107779662588143,0.019669313252027365,0.06767577459259096
1382,0.020555043444586474,0.0,0.22613594456230787
1383,0.0,0.013857739215847431,0.11832856814709136
1384,0.014746068714989846,0.008046165179669273,0.08670831995220851
1385,0.008937093985393219,0.002682055059890942,0.07693838768876284
1386,0.0026808554738000367,0.008046165179669273,0.06733245120577966
1387,0.008489830203396664,0.003128154757034096,0.03570398953274344
1388,0.004021283210699167,0.006257673733323088,0.08592557548419139
1389,0.007596666248494088,0.03710267114130694,0.13387640850883484
1390,0.0384278678062806,0.03129109710512701,0.08411477733397618
1391,0.033959320813583105,0.029056505961639445,0.054767746109343846
1392,0.029938037602883938,0.018658426782353743,0.11016902516691841
1393,0.018767351925689013,0.03755013505770677,0.09635724030419437
1394,0.04021555932517806,0.04157321764754052,0.0989505091398216
1395,0.04244915101697977,0.0629860031104208,0.07512430414728628
1396,0.06389735841646882,0.04917328313006486,0.1009036742446954
1397,0.0504917174383781,0.060348967286023125,0.06305487178349929
1398,0.061662403115574804,0.07420670650187056,0.05431901641956417
1399,0.07506804409366374,0.07420670650187056,0.0938663661628793
1400,0.07506804409366374,0.06884123216283378,0.07728088972775879
1401,0.0688213508457114,0.07071976208016295,0.04677302025744874
1402,0.07193992483786715,0.08493492674142722,0.049253764442374656
1403,0.08534420220686556,0.09726337616981873,0.032321131663971284
1404,0.09785531562095962,0.09655807481378531,0.049668545089120344
1405,0.09740941544805537,0.09298109192109472,0.03539488897157124
1406,0.0933867686282639,0.08921721099015123,0.03771136359342955
1407,0.09026001298155784,0.09297290660555113,0.039148722270271066
1408,0.09294086845535787,0.08225287168153805,0.04504107149750598
1409,0.08311061051506208,0.07957081662164889,0.05293093861164293
1410,0.08042975504126382,0.07375924258546895,0.042871344351988055
1411,0.07506804409366374,0.0777823251753027,0.03616777726580431
1412,0.07908932730436291,0.061831873618729105,0.03652807517413259
1413,0.06257465759775727,0.050066846743609617,0.05429547111552449
1414,0.0504917174383781,0.05364246541704354,0.04589308296461661
1415,0.05451300064907727,0.06660664101934621,0.06745072529118834
1416,0.06791864162716799,0.06347712204305545,0.03749124237891896
1417,0.06378963329824394,0.058113011923277114,0.027837941505251287
1418,0.05853428385977821,0.05856047583967694,0.040330094211332254
1419,0.05942881142377132,0.0429142451774851,0.06737680398780792
1420,0.0437895787538789,0.019669313252027365,0.0651985895815315
1421,0.020555043444586474,0.012516711685902848,0.07248120687752856
1422,0.012511113414095831,0.03931134211890708,0.05647642334785202
1423,0.03976829554317973,0.04067965403399754,0.05155052671666485
1424,0.042001887234983215,0.039338626504052954,0.04786897202571476
1425,0.04066145949808231,0.03889116258765135,0.011448219632786343
1426,0.04021555932517806,0.025033423371805696,0.06793066619795085
1427,0.026809918347087347,0.08046438023519187,0.2752070960070724
1428,0.0813229189961664,0.04827835529726343,0.18420312698064603
1429,0.04959855348347553,0.05364246541704354,0.07829908723617282
1430,0.053619836694174694,0.049619382827208014,0.054262069637700736
1431,0.05004581726547386,0.056324520476932705,0.06256014661606069
1432,0.05719385612287731,0.055878420779787774,0.05268042752796484
1433,0.05631023743161556,0.06258355842951246,0.05488574641214741
1434,0.06345009463447049,0.06481814957300003,0.06217958879495408
1435,0.06568368632627397,0.08046438023519187,0.07506078658290014
1436,0.08221608295106897,0.07688876156175972,0.0685327141465936
1437,0.07864206352236636,0.08770702027229937,0.09745675124632687
1438,0.08847232146266215,0.11309786908952013,0.10723900372700261
1439,0.11394181207285037,0.11130937764317572,0.08513817671188734
1440,0.11215412055395291,0.10326321246350822,0.13822133845197293
1441,0.10366429035055624,0.10013369348721746,0.11947188430604186
1442,0.10098343487675798,0.10817985866688495,0.27571195113090013
1443,0.10902600129815632,0.10996835011323114,0.3244649671885237
1444,0.08400377446996465,0.02950396987803927,0.27503351783543095
1445,0.03038530138488227,0.13768382854492422,0.146930363120607
1446,0.1394113026830368,0.16271725191672815,0.1755964970063241
1447,0.16443352951122847,0.1573531417969498,0.10329872447422105
1448,0.15907045495453787,0.18953916673487825,0.1523581032669657
1449,0.18945575633941836,0.2226733240566432,0.09344036042932398
1450,0.22475414128081006,0.23737142233499853,0.23936895299782374
1451,0.23681935452199987,0.2467586150446106,0.09359039329692573
1452,0.2470955126352017,0.23603039480505394,0.10249270848476934
1453,0.23592482695800676,0.24050094131128752,0.09131525984843943
1454,0.24039337395070248,0.2449701235982662,0.06637859260956712
1455,0.24575508489830256,0.20473793348067026,0.08350917021146695
1456,0.2064354167462099,0.22261875528634967,0.04238674914093864
1457,0.22430824110790581,0.25748683528416727,0.0987818590550722
1458,0.2582661983123984,0.2825202586559712,0.13998121303763716
1459,0.2832884251405883,0.31202422853401046,0.18283558286810825
1460,0.31277919896147566,0.31560121142670106,0.1544429578048987
1461,0.3163545819992688,0.33303456931598063,0.19145836601613184
1462,0.3337801425789664,0.35672696515784175,0.19583204313280675
1463,0.35747148693389796,0.33884614335216057,0.057773331548270745
1464,0.33869595335366043,0.3169954435076807,0.07138990941354945
1465,0.31814227351816626,0.2735805298627607,0.08198967675309163
1466,0.27524585871918994,0.25948132383836864,0.12262914530820118
1467,0.26005388983129407,0.23781752203214168,0.08124088132810847
1468,0.2386056824318068,0.26240484570680245,0.05491641006392002
1469,0.263629272869089,0.2780510763689943,0.03673395969317732
1470,0.2788212417569831,0.2753690213091051,0.04825719575976453
1471,0.27524585871918994,0.28270033559793895,0.0232509877391936
1472,0.2832884251405883,0.22619573817904026,0.038008691502581904
1473,0.22654183279970752,0.24318299637117846,0.045638191359256716
1474,0.24486192094339998,0.26061635426045804,0.031530447500405887
1475,0.261394317568195,0.25569970805707953,0.15031979177190186
1476,0.2569257705754975,0.24944067010449977,0.013936903513260525
1477,0.24977636810900172,0.252945349376553,0.016474594480049874
1478,0.2537990149287932,0.2342514528935098,0.020127401997463133
1479,0.23592482695800676,0.25301765299719037,0.023350918390059722
1480,0.25424491510169744,0.24944067010449977,0.01916888909696367
1481,0.2509299814003718,0.24318299637117846,0.023781304645296843
1482,0.24441465716140165,0.22306621920275127,0.036125888527222066
1483,0.22341371354391093,0.22887779323892943,0.03331660521616095
1484,0.2305631160104067,0.22618618864424,0.018724539928865806
1485,0.2258982093085411,0.2400534773948877,0.018686757929360257
1486,0.24039337395070248,0.2199367002264605,0.03568947905467247
1487,0.2207328580701109,0.22395978281629425,0.028281469325533815
1488,0.22475414128081006,0.21457259010668217,0.027028366341933122
1489,0.21626431107741517,0.22619573817904026,0.03083394455299925
1490,0.22654183279970752,0.22485471064909568,0.017084855906846018
1491,0.22564866884480494,0.21949060052931735,0.012868056222900656
1492,0.22118012185210922,0.2217251916728067,0.01938271331155667
1493,0.2220732858070118,0.2217251916728067,0.014932650848055309
1494,0.22162738563410578,0.2266418378761852,0.025731184358909285
1495,0.22788226053660843,0.21859567269651592,0.02090631350900868
1496,0.21894653016030574,0.2217251916728067,0.013576605604932249
1497,0.22228873604346155,0.22261875528634967,0.025085604976053607
1498,0.22386097732590748,0.2217251916728067,0.013235472478961861
1499,0.22252054958900835,0.2221726555892065,0.016443109480461918
1500,0.22295826810736585,0.23193500859458283,0.03152798345695987
1501,0.2327980713113007,0.23592262148372534,0.017976292069092875
1502,0.2365957226310016,0.230218820768874,0.01867361636431485
1503,0.23101037979240502,0.22993233472483787,0.020752447684935362
1504,0.2305631160104067,0.2123379989631946,0.027177030296509305
1505,0.21269029164871256,0.21546615372022693,0.03351975190915456
1506,0.21626431107741517,0.22306621920275127,0.021749837715360824
1507,0.22430824110790581,0.23424190335870954,0.03313563491418148
1508,0.2341384990482016,0.24678589942975648,0.020508233601174857
1509,0.24830230668113984,0.26106381817685786,0.02334790678140348
1510,0.26094705378619665,0.2548047802242781,0.029445866745078004
1511,0.25513944266569233,0.26240484570680245,0.021493303414370248
1512,0.263629272869089,0.26732149191018095,0.023576241474067453
1513,0.26720329229778983,0.2655343646830932,0.022677413181482548
1514,0.26631012834288725,0.2726774167144157,0.029757157567091113
1515,0.2734595308093848,0.26285230962320405,0.02663439317317599
1516,0.26407517304199324,0.2646394368502918,0.03309456752341458
1517,0.26452243682399157,0.2565932716706243,0.044040396075819166
1518,0.25746303255753133,0.25301765299719037,0.06028939368925619
1519,0.25424491510169744,0.2492087528307554,0.11654651717041298
1520,0.2493304679360957,0.24318299637117846,0.1314381006277014
